Customer_ID,Age,Gender,City,Subscription_Type,Monthly_Charges,Tenure,Contract_Type,Support_Calls,Internet_Service,Churn
1102,34,male,Delhi,Premium,662,27,monthly,4,DSL,Yes
1435,43,FEMALE,Mumbai,basic,349,28,Monthly,4,DSL,Yes
1860,53,male,Mumbai,basic,364,17,monthly,1,fiber,Yes
1270,18,FEMALE,,basic,654,2,monthly,1,DSL,No
1106,25,FEMALE,Patna,Premium,463,7,Monthly,1,Fiber,Yes
1071,52,Female,Mumbai,Premium,440,13,Yearly,1,DSL,Yes
1700,,FEMALE,Patna,Basic,,15,monthly,0,DSL,No
1020,39,Female,Kolkata,Premium,697,25,Monthly,4,fiber,No
1614,31,Female,Patna,Premium,762,23,monthly,0,Fiber,Yes
1121,43,Female,Kolkata,basic,486,22,Yearly,3,fiber,Yes
1466,45,Male,Delhi,Premium,,26,Yearly,3,fiber,No
1214,40,Male,Delhi,basic,687,33,Monthly,4,Fiber,yes
1330,31,FEMALE,,basic,728,11,monthly,3,fiber,No
1458,41,Female,Mumbai,Premium,583,10,monthly,1,Fiber,yes
1087,19,Male,,Basic,536,25,monthly,0,DSL,Yes
1372,43,Female,Kolkata,Basic,493,24,monthly,1,Fiber,Yes
1099,31,male,,Premium,586,33,Monthly,3,Fiber,yes
1871,24,male,Patna,Basic,435,17,Yearly,5,Fiber,No
1663,,male,Kolkata,basic,470,24,Monthly,0,fiber,Yes
1130,40,FEMALE,Delhi,basic,458,2,monthly,1,Fiber,yes
1661,35,Female,Mumbai,Premium,500,32,monthly,4,Fiber,No
1308,55,male,Kolkata,Basic,,24,Yearly,1,Fiber,yes
1769,52,Male,Kolkata,Basic,856,9,monthly,5,DSL,No
1343,32,male,Patna,basic,882,4,Monthly,3,Fiber,No
1491,42,male,Mumbai,Premium,803,17,Monthly,0,fiber,No
1413,54,male,Delhi,Basic,670,17,Yearly,4,Fiber,No
1805,45,FEMALE,Kolkata,Premium,402,30,Monthly,0,Fiber,yes
1385,27,Male,Kolkata,Basic,424,11,Monthly,4,DSL,yes
1191,56,Female,Patna,basic,,21,Monthly,0,Fiber,yes
1955,34,Male,,basic,757,21,Monthly,3,fiber,yes
1276,56,Female,Delhi,Premium,529,18,monthly,4,Fiber,yes
1160,39,FEMALE,Mumbai,basic,496,29,Monthly,2,fiber,No
1459,43,FEMALE,Kolkata,Basic,722,24,Yearly,0,DSL,Yes
1313,42,FEMALE,Kolkata,basic,871,10,Yearly,0,Fiber,Yes
1021,34,FEMALE,Delhi,Premium,,17,Monthly,1,DSL,yes
1252,30,Female,,Premium,681,18,Yearly,4,Fiber,yes
1747,37,male,Kolkata,Premium,472,20,Monthly,5,fiber,Yes
1856,42,Female,Delhi,Basic,752,18,Yearly,2,DSL,No
1560,21,Male,Patna,Basic,649,17,Yearly,3,Fiber,yes
1474,27,FEMALE,,Basic,793,9,Monthly,1,fiber,No
1058,20,FEMALE,Mumbai,Basic,303,14,Monthly,2,DSL,Yes
1510,58,Male,Kolkata,Basic,392,29,monthly,4,Fiber,Yes
1681,35,Female,Delhi,basic,305,31,Monthly,2,DSL,yes
1475,53,male,Patna,Basic,587,4,Monthly,0,Fiber,No
1699,39,male,Mumbai,Basic,445,18,monthly,0,fiber,yes
1975,51,Male,Delhi,basic,723,20,Monthly,1,fiber,Yes
1782,25,male,Delhi,Basic,756,9,Monthly,4,DSL,No
1189,57,Female,Mumbai,Premium,501,13,monthly,4,DSL,yes
1957,36,Female,Patna,Basic,511,15,Monthly,2,Fiber,yes
1686,59,Male,Patna,Basic,305,27,Monthly,1,fiber,yes
1957,58,Female,,Premium,675,15,monthly,4,Fiber,Yes
1562,54,FEMALE,Kolkata,Premium,746,28,monthly,5,fiber,yes
1875,23,Male,Mumbai,Premium,405,19,Yearly,5,DSL,No
1566,43,Female,Mumbai,Premium,,26,Monthly,0,Fiber,yes
1243,51,Male,Mumbai,Basic,395,26,Yearly,2,Fiber,Yes
1831,23,male,Patna,Premium,687,25,Yearly,3,fiber,yes
1504,54,Female,Kolkata,Premium,,26,monthly,0,fiber,Yes
1130,50,FEMALE,,basic,715,26,Monthly,1,fiber,Yes
1484,39,Female,Delhi,Premium,803,28,Monthly,4,DSL,No
1818,38,Male,Delhi,Premium,753,18,monthly,0,Fiber,No
1646,23,Male,Mumbai,basic,590,32,Yearly,3,fiber,yes
1020,23,Female,Kolkata,basic,833,3,monthly,3,DSL,Yes
1840,21,FEMALE,Patna,Basic,492,2,Monthly,5,fiber,Yes
1166,47,FEMALE,Kolkata,basic,449,33,monthly,1,Fiber,No
1273,28,FEMALE,Kolkata,Basic,814,19,Monthly,0,fiber,No
1387,47,Male,Patna,basic,692,17,Yearly,2,Fiber,yes
1600,48,Female,Mumbai,basic,,33,Monthly,0,DSL,Yes
1315,41,male,Kolkata,Basic,375,12,Yearly,5,DSL,No
1013,26,Male,Delhi,basic,898,3,Yearly,3,fiber,yes
1241,20,FEMALE,Patna,Basic,569,26,Monthly,1,Fiber,Yes
1776,48,Female,,basic,524,35,Monthly,1,Fiber,Yes
1345,57,FEMALE,Mumbai,Premium,829,8,Yearly,2,Fiber,No
1564,54,male,Patna,basic,412,7,monthly,1,fiber,yes
1897,53,FEMALE,,Basic,550,16,Monthly,5,Fiber,No
1339,41,FEMALE,,basic,532,24,Yearly,5,Fiber,yes
1091,48,male,Kolkata,Basic,,1,Yearly,5,Fiber,Yes
1366,23,Female,Kolkata,Basic,424,25,monthly,1,Fiber,yes
1955,19,Male,Kolkata,Premium,474,10,Monthly,1,fiber,yes
1454,37,Female,Patna,Premium,368,16,Yearly,5,fiber,yes
1427,45,male,Patna,Basic,,16,monthly,1,Fiber,yes
1508,28,FEMALE,Mumbai,basic,555,8,Yearly,1,Fiber,yes
1775,21,Female,Kolkata,Basic,329,29,Monthly,3,DSL,No
1942,32,Male,,Basic,580,28,monthly,0,DSL,yes
1034,23,male,Delhi,basic,536,6,Yearly,4,Fiber,yes
1205,,Female,Mumbai,basic,547,16,monthly,1,Fiber,Yes
1080,55,Male,Patna,basic,667,20,Monthly,4,DSL,yes
1931,19,male,Mumbai,basic,794,16,monthly,4,DSL,Yes
1561,32,Male,Mumbai,Basic,,7,Monthly,3,Fiber,No
1871,,male,Mumbai,Basic,885,14,Yearly,1,fiber,No
1387,25,FEMALE,Mumbai,Premium,789,26,Monthly,5,fiber,yes
1001,43,Female,Delhi,Basic,793,26,Yearly,4,Fiber,No
1389,22,Male,Kolkata,basic,613,14,Yearly,1,Fiber,yes
1565,23,male,,Premium,,7,Monthly,2,DSL,No
1105,43,Male,Mumbai,basic,324,33,Yearly,5,DSL,yes
1771,21,Male,Mumbai,Basic,633,26,monthly,2,fiber,yes
1821,36,Female,Mumbai,Premium,654,20,Yearly,2,Fiber,Yes
1476,37,FEMALE,Kolkata,basic,415,3,Monthly,4,DSL,Yes
1702,50,Male,Patna,Premium,347,4,monthly,2,fiber,Yes
1401,,male,Patna,Premium,398,26,monthly,3,fiber,Yes
1729,29,male,Delhi,Basic,,11,Yearly,3,fiber,yes
1555,18,FEMALE,Patna,basic,822,2,Yearly,4,DSL,No
1161,43,male,Mumbai,Premium,896,14,Monthly,1,DSL,yes
1201,31,FEMALE,Mumbai,Premium,704,30,monthly,0,Fiber,Yes
1957,55,male,Mumbai,basic,513,12,Monthly,1,Fiber,Yes
1995,54,Female,Delhi,Premium,802,26,Yearly,1,fiber,No
1269,28,Male,Mumbai,Premium,747,33,monthly,1,fiber,Yes
1862,53,Female,Patna,Premium,875,13,Monthly,1,DSL,yes
1815,30,Male,Kolkata,basic,557,14,Monthly,5,DSL,yes
1270,20,Male,Kolkata,basic,420,24,Monthly,0,Fiber,yes
1455,50,Male,,basic,353,34,Monthly,5,Fiber,yes
1461,23,Female,Patna,basic,630,26,Monthly,2,Fiber,yes
1726,27,Male,Mumbai,Basic,540,21,monthly,1,DSL,No
1251,22,Female,Kolkata,Premium,829,28,Monthly,3,fiber,yes
1701,40,FEMALE,Patna,basic,782,2,monthly,4,Fiber,Yes
1295,27,male,Kolkata,Premium,486,9,Monthly,4,Fiber,Yes
1724,19,male,Mumbai,Premium,561,23,Yearly,5,DSL,Yes
1719,30,Male,Kolkata,Basic,663,15,Yearly,5,Fiber,Yes
1748,57,Female,,basic,790,13,Monthly,3,fiber,No
1337,19,male,,basic,,23,Yearly,1,DSL,Yes
1878,37,Female,Kolkata,Premium,538,17,monthly,0,Fiber,No
1052,18,Female,Patna,basic,603,2,Monthly,2,Fiber,Yes
1791,54,Male,Patna,Premium,597,20,monthly,4,DSL,No
1921,,male,Patna,Premium,375,20,Monthly,2,DSL,No
1216,34,Male,Kolkata,Basic,632,3,Yearly,0,Fiber,No
1763,,Male,Patna,Basic,773,12,monthly,5,fiber,Yes
1187,28,male,Mumbai,Basic,,2,Yearly,4,DSL,No
1379,32,male,,Premium,890,14,Yearly,2,fiber,yes
1492,41,FEMALE,Mumbai,basic,371,16,Monthly,5,Fiber,yes
1040,55,FEMALE,Patna,Basic,,19,monthly,0,fiber,Yes
1156,52,Female,Mumbai,basic,874,34,Yearly,2,Fiber,yes
1014,47,male,Patna,Basic,311,6,Monthly,1,Fiber,yes
1812,48,FEMALE,Kolkata,Basic,440,13,Monthly,5,Fiber,yes
1064,22,Female,Mumbai,Premium,854,22,Monthly,0,Fiber,Yes
1856,31,Female,Kolkata,Basic,316,18,Yearly,2,fiber,Yes
1838,28,Female,Kolkata,Basic,362,12,Monthly,1,Fiber,yes
1520,26,FEMALE,Delhi,Premium,552,30,monthly,1,Fiber,Yes
1343,51,male,Patna,basic,764,7,monthly,0,fiber,No
1128,29,Male,,Basic,,32,Yearly,3,DSL,yes
1647,,Female,Patna,Premium,819,19,monthly,4,fiber,Yes
1471,52,FEMALE,,Basic,,6,Monthly,0,fiber,Yes
1062,18,FEMALE,Patna,Premium,474,20,Yearly,1,fiber,yes
1138,57,Male,Kolkata,basic,375,27,Monthly,1,Fiber,Yes
1498,39,Male,Mumbai,basic,699,7,Yearly,0,Fiber,yes
1592,46,FEMALE,Mumbai,Premium,370,5,Yearly,3,Fiber,Yes
1391,,male,Delhi,Premium,479,11,Monthly,4,DSL,No
1674,28,Male,,Premium,423,15,monthly,2,Fiber,yes
1418,58,FEMALE,,basic,680,3,monthly,0,DSL,No
1288,,Male,,Basic,592,5,Yearly,4,Fiber,yes
1378,31,male,Kolkata,basic,494,23,Monthly,4,fiber,Yes
1772,47,Female,,Premium,527,9,Monthly,5,Fiber,No
1489,52,Male,Mumbai,Premium,730,15,Yearly,1,DSL,Yes
1230,38,male,Kolkata,basic,735,3,monthly,2,DSL,yes
1040,54,FEMALE,Patna,Premium,760,29,Monthly,0,Fiber,yes
1027,22,Male,,basic,320,6,monthly,1,fiber,yes
1134,36,Male,,Premium,363,17,monthly,5,Fiber,yes
1200,31,FEMALE,Patna,Basic,464,26,Yearly,5,Fiber,yes
1839,43,Female,,Basic,326,21,Yearly,1,Fiber,No
1779,21,FEMALE,Patna,Premium,,8,monthly,3,fiber,yes
1929,42,Male,Kolkata,basic,584,21,Monthly,4,DSL,Yes
1032,59,FEMALE,Mumbai,Basic,,11,Monthly,0,fiber,No
1047,42,male,Patna,basic,463,8,Yearly,0,DSL,Yes
1502,,FEMALE,Delhi,Premium,523,24,monthly,0,DSL,yes
1406,57,Male,Patna,basic,,35,Monthly,1,DSL,Yes
1573,25,FEMALE,,Basic,329,14,Monthly,3,fiber,No
1727,56,Female,Kolkata,basic,344,14,Yearly,2,Fiber,No
1804,57,FEMALE,Kolkata,basic,770,10,monthly,5,Fiber,No
1098,31,Female,Patna,Premium,333,12,Monthly,1,Fiber,Yes
1683,49,male,Mumbai,Premium,726,34,Yearly,2,Fiber,No
1871,,Female,Delhi,Premium,520,10,Monthly,5,Fiber,Yes
1725,,FEMALE,Kolkata,Basic,,17,Monthly,5,fiber,yes
1986,40,Male,,Basic,,17,Monthly,3,fiber,yes
1546,32,Female,,Premium,,3,Yearly,4,fiber,Yes
1960,50,male,Mumbai,Premium,,31,monthly,0,fiber,No
1738,42,Female,Kolkata,Basic,415,1,Yearly,2,fiber,Yes
1612,34,Female,Patna,Basic,538,12,monthly,1,fiber,Yes
1942,50,Female,,Basic,634,4,Monthly,2,fiber,Yes
1461,19,male,Mumbai,Basic,740,13,monthly,4,Fiber,yes
1642,31,FEMALE,Kolkata,Premium,447,34,Monthly,0,DSL,Yes
1768,57,Female,Kolkata,Basic,308,21,Monthly,2,fiber,yes
1004,57,Female,Kolkata,Premium,587,22,Yearly,4,DSL,Yes
1217,56,Male,Kolkata,basic,687,4,Monthly,1,fiber,yes
1502,23,male,Kolkata,basic,349,18,Yearly,3,fiber,Yes
1766,23,Female,,Basic,816,5,monthly,5,Fiber,Yes
1397,,male,Mumbai,basic,886,19,monthly,1,DSL,No
1870,24,Female,Kolkata,basic,577,2,Monthly,0,Fiber,No
1794,25,FEMALE,Delhi,basic,599,12,Yearly,5,Fiber,Yes
1392,,FEMALE,Delhi,Basic,,17,Monthly,1,DSL,Yes
1206,32,Female,Mumbai,Basic,434,10,Yearly,1,Fiber,Yes
1014,,FEMALE,Patna,basic,879,34,Yearly,1,fiber,Yes
1857,,Female,Patna,Premium,446,6,Yearly,1,fiber,No
1553,47,FEMALE,Patna,basic,789,8,monthly,5,fiber,yes
1891,,Male,Delhi,Basic,,11,Yearly,0,fiber,Yes
1460,44,Male,Patna,Basic,458,12,monthly,4,fiber,No
1690,53,Male,,Basic,683,9,Yearly,2,Fiber,Yes
1574,46,male,Kolkata,basic,462,2,monthly,3,Fiber,Yes
1863,55,male,Delhi,Premium,740,8,monthly,2,fiber,yes
1742,50,Male,Mumbai,Basic,488,11,monthly,2,fiber,Yes
1240,54,male,Mumbai,Basic,714,10,Monthly,3,Fiber,Yes
1563,44,FEMALE,Kolkata,basic,638,21,Yearly,5,DSL,yes
1095,50,Female,Delhi,Premium,480,20,Monthly,0,Fiber,yes
1899,21,Female,Patna,basic,587,8,Yearly,3,Fiber,yes
1733,39,Female,Patna,Basic,486,29,Yearly,0,Fiber,yes
1484,19,Male,,Premium,437,12,Monthly,5,Fiber,No
1406,27,male,,Premium,429,14,monthly,2,Fiber,No
1230,22,FEMALE,Patna,Basic,493,21,Yearly,0,DSL,No
1748,27,FEMALE,Mumbai,Premium,615,22,monthly,5,fiber,Yes
1654,50,Male,Mumbai,Premium,443,21,Monthly,5,fiber,yes
1170,55,FEMALE,,basic,315,30,monthly,4,DSL,yes
1540,30,FEMALE,Kolkata,Basic,601,20,Yearly,3,fiber,No
1035,48,FEMALE,Patna,Basic,722,24,Yearly,4,fiber,Yes
1524,,FEMALE,,Basic,544,23,Yearly,2,fiber,Yes
1159,41,male,,Basic,406,7,Monthly,3,DSL,Yes
1838,32,FEMALE,Patna,Basic,387,9,Yearly,2,DSL,No
1698,46,Female,Patna,Premium,428,1,Monthly,4,fiber,Yes
1242,25,Male,Mumbai,basic,,26,monthly,5,fiber,Yes
1085,,male,Kolkata,Basic,303,22,Yearly,2,fiber,Yes
1795,46,FEMALE,Kolkata,basic,626,10,Yearly,3,Fiber,yes
1577,21,male,Patna,basic,709,6,Yearly,3,Fiber,No
1681,29,FEMALE,Delhi,Premium,605,17,monthly,2,Fiber,yes
1556,19,Female,,Basic,524,24,Yearly,3,DSL,yes
1573,44,Male,,Premium,647,10,Monthly,5,fiber,No
1952,48,FEMALE,Patna,Basic,620,8,monthly,5,DSL,yes
1645,53,FEMALE,Delhi,Premium,858,21,monthly,3,DSL,Yes
1795,53,FEMALE,Mumbai,basic,480,6,monthly,2,DSL,Yes
1027,,FEMALE,Patna,Basic,685,21,monthly,4,fiber,Yes
1619,44,Male,Patna,basic,407,24,monthly,3,Fiber,Yes
1555,22,Male,,basic,830,33,Monthly,3,fiber,No
1339,37,Female,Patna,Premium,709,18,monthly,3,fiber,yes
1797,28,Male,Patna,Basic,,28,Yearly,3,DSL,yes
1957,27,FEMALE,Patna,basic,470,32,monthly,2,DSL,Yes
1330,,Female,,Premium,630,12,monthly,4,DSL,Yes
1639,,Female,Mumbai,Basic,792,27,monthly,4,Fiber,yes
1505,23,Female,Mumbai,Basic,494,10,monthly,0,Fiber,No
1347,25,FEMALE,Patna,basic,311,32,monthly,3,Fiber,yes
1472,40,male,,Basic,,26,Monthly,3,fiber,Yes
1230,43,FEMALE,Mumbai,basic,789,25,Monthly,0,DSL,Yes
1189,29,Male,Mumbai,Basic,,11,monthly,4,fiber,No
1224,43,Male,Mumbai,Premium,615,23,Monthly,1,Fiber,yes
1384,30,FEMALE,,basic,329,34,Yearly,5,DSL,No
1376,57,FEMALE,,basic,895,23,monthly,1,Fiber,No
1282,35,Female,Patna,Basic,395,29,Yearly,4,DSL,Yes
1957,42,FEMALE,Kolkata,Basic,680,31,Yearly,3,DSL,yes
1632,50,Female,Mumbai,basic,743,7,monthly,1,fiber,Yes
1627,57,Male,Kolkata,Basic,597,33,Yearly,2,fiber,yes
1972,29,Female,,Premium,660,21,Yearly,2,Fiber,Yes
1744,53,FEMALE,,Basic,673,2,Yearly,0,fiber,Yes
1258,,Male,,Premium,853,18,monthly,4,fiber,yes
1358,22,male,Kolkata,Premium,602,33,monthly,4,fiber,yes
1709,54,Female,,Premium,720,34,Yearly,1,DSL,Yes
1455,,Male,Patna,Premium,545,20,monthly,3,fiber,yes
1410,,Female,,Premium,536,35,monthly,4,Fiber,Yes
1648,45,Male,Delhi,Basic,833,18,Yearly,1,DSL,yes
1317,48,Male,Kolkata,Premium,484,24,monthly,1,DSL,Yes
1676,26,Female,Delhi,Basic,767,8,Monthly,5,fiber,Yes
1224,46,male,,Premium,662,30,monthly,5,DSL,Yes
1818,31,Male,Patna,basic,582,10,Monthly,4,Fiber,No
1233,57,Male,Mumbai,Premium,852,23,Yearly,1,Fiber,yes
1683,58,Male,,basic,635,11,monthly,0,DSL,Yes
1663,39,male,Patna,Premium,461,2,Yearly,0,fiber,No
1974,28,male,Kolkata,Premium,459,26,Yearly,5,fiber,Yes
1826,40,FEMALE,Delhi,Premium,,33,Yearly,4,DSL,No
1373,18,Female,Delhi,basic,621,13,Yearly,3,Fiber,Yes
1671,54,male,Delhi,basic,311,25,Yearly,0,DSL,Yes
1607,38,Female,Kolkata,Premium,723,4,monthly,0,fiber,No
1471,43,FEMALE,Patna,Basic,372,19,Monthly,5,fiber,No
1232,53,Female,Kolkata,Premium,887,18,monthly,5,DSL,yes
1691,40,male,Delhi,basic,500,30,monthly,4,Fiber,yes
1112,18,Female,,Premium,821,19,monthly,5,DSL,No
1829,57,male,Mumbai,basic,804,23,monthly,2,Fiber,yes
1496,,Female,Kolkata,basic,338,16,Monthly,1,Fiber,No
1441,38,male,Kolkata,basic,359,1,monthly,0,DSL,yes
1563,26,male,Patna,Premium,877,12,Yearly,2,DSL,Yes
1267,26,Female,Patna,basic,620,24,monthly,3,Fiber,yes
1509,27,FEMALE,Kolkata,basic,734,34,monthly,2,Fiber,Yes
1806,43,Male,Delhi,Premium,,8,Monthly,4,Fiber,Yes
1385,58,FEMALE,Mumbai,basic,685,18,Monthly,3,Fiber,yes
1386,52,Female,Patna,Premium,868,5,Yearly,3,fiber,No
1112,42,FEMALE,Delhi,basic,377,26,monthly,5,DSL,Yes
1612,43,male,,Basic,493,30,monthly,2,Fiber,Yes
1624,28,Male,Patna,Basic,584,13,monthly,4,DSL,yes
1951,55,Female,Delhi,basic,826,19,Yearly,0,Fiber,No
1080,19,Female,Delhi,Basic,823,29,Monthly,5,DSL,No
1698,24,Female,Mumbai,Premium,455,3,Yearly,2,DSL,yes
1112,35,Male,Mumbai,Basic,639,26,monthly,0,Fiber,No
1001,44,male,,basic,424,12,Monthly,2,Fiber,yes
1641,51,Female,Delhi,basic,579,2,Monthly,5,DSL,yes
1219,,FEMALE,Delhi,Premium,427,11,Yearly,0,DSL,yes
1565,34,Female,Mumbai,basic,613,28,Monthly,5,DSL,Yes
1854,41,Female,Patna,Premium,631,18,Monthly,2,fiber,Yes
1996,42,Female,Patna,Basic,449,13,monthly,3,Fiber,Yes
1735,24,Female,Kolkata,Basic,753,22,monthly,1,fiber,yes
1224,,male,Mumbai,Premium,335,12,Monthly,3,fiber,Yes
1384,,FEMALE,Kolkata,Premium,719,2,Monthly,5,Fiber,Yes
1402,50,male,Mumbai,basic,321,7,Yearly,5,Fiber,Yes
1637,46,FEMALE,,Basic,505,26,Yearly,5,fiber,yes
1129,39,Female,Delhi,Premium,655,26,Monthly,0,Fiber,yes
1052,43,Male,,Basic,739,24,monthly,4,DSL,yes
1683,45,male,Mumbai,Premium,395,12,Monthly,5,DSL,Yes
1729,,Male,Delhi,Basic,,16,Monthly,3,fiber,No
1671,24,male,Patna,basic,447,23,monthly,1,fiber,Yes
1709,34,Female,Patna,Basic,829,9,monthly,5,Fiber,Yes
1415,,male,Kolkata,Basic,593,32,Yearly,5,Fiber,yes
1246,58,Female,Mumbai,Basic,494,15,Yearly,5,fiber,yes
1835,37,male,Mumbai,Basic,,13,Yearly,0,fiber,Yes
1438,39,Female,Patna,Basic,422,5,Yearly,5,DSL,Yes
1202,45,Female,,basic,699,11,monthly,3,DSL,No
1183,57,FEMALE,Delhi,Premium,751,10,Monthly,2,Fiber,No
1122,24,Female,,Basic,403,13,Yearly,4,DSL,yes
1400,18,FEMALE,,basic,761,15,Yearly,5,Fiber,No
1766,49,Female,Patna,Basic,695,7,monthly,0,Fiber,No
1293,30,Male,Patna,Basic,636,28,monthly,3,Fiber,yes
1279,47,Female,Patna,Premium,898,32,Monthly,5,DSL,No
1836,40,Male,Kolkata,Basic,441,35,Monthly,0,fiber,Yes
1883,36,Male,,basic,616,15,monthly,2,fiber,No
1609,49,Female,Mumbai,basic,857,21,Yearly,1,DSL,yes
1197,47,Male,Delhi,Premium,826,6,Yearly,5,fiber,Yes
1981,46,FEMALE,Kolkata,Basic,855,1,Yearly,3,Fiber,No
1906,46,male,Mumbai,basic,700,4,Monthly,0,fiber,Yes
1510,47,Female,,Basic,609,11,Yearly,0,DSL,Yes
1751,33,Male,Patna,Basic,794,26,Yearly,5,fiber,No
1143,57,Female,,Basic,855,23,monthly,0,Fiber,No
1608,36,FEMALE,Delhi,Premium,,29,Yearly,1,Fiber,yes
1200,35,Female,Kolkata,Basic,671,21,monthly,0,DSL,yes
1123,18,Female,Kolkata,basic,505,27,Yearly,4,DSL,Yes
1186,31,Male,Delhi,Basic,342,13,Monthly,4,DSL,yes
1325,19,FEMALE,Mumbai,basic,544,23,Yearly,0,Fiber,Yes
1463,45,male,Mumbai,Basic,586,16,Yearly,5,fiber,Yes
1348,47,male,Kolkata,basic,654,30,monthly,4,fiber,yes
1770,55,Male,Kolkata,basic,775,4,monthly,3,DSL,yes
1659,21,Female,Patna,Basic,382,16,monthly,4,fiber,yes
1763,18,Male,Mumbai,Basic,409,31,Yearly,0,fiber,No
1954,25,Male,Delhi,basic,489,25,Yearly,5,DSL,Yes
1931,46,Male,Mumbai,Premium,550,12,Monthly,2,DSL,Yes
1402,56,Female,Patna,Basic,590,26,Yearly,5,Fiber,Yes
1345,20,FEMALE,Kolkata,Premium,,33,Monthly,5,Fiber,yes
1962,49,Male,Kolkata,Basic,625,28,monthly,5,Fiber,yes
1510,27,Female,Patna,Basic,810,9,monthly,3,Fiber,yes
1146,27,FEMALE,Delhi,Basic,708,12,monthly,1,fiber,yes
1147,36,Male,Kolkata,Basic,807,5,Monthly,0,fiber,yes
1863,51,male,,Premium,371,28,Yearly,1,Fiber,No
1710,50,FEMALE,Kolkata,Basic,,35,monthly,2,Fiber,yes
1819,40,Male,,basic,886,5,Yearly,1,DSL,Yes
1488,45,FEMALE,Patna,basic,865,34,Yearly,0,fiber,yes
1928,49,FEMALE,Patna,Premium,643,34,monthly,0,fiber,Yes
1935,24,FEMALE,Kolkata,Basic,353,13,Monthly,2,Fiber,yes
1639,46,FEMALE,Mumbai,basic,827,14,Yearly,0,fiber,yes
1550,,FEMALE,,Premium,831,11,monthly,2,DSL,Yes
1337,,FEMALE,Delhi,Basic,857,4,Yearly,2,DSL,Yes
1871,,Male,Kolkata,basic,,33,Yearly,0,fiber,Yes
1640,41,male,Delhi,basic,357,7,Yearly,4,Fiber,Yes
1778,40,Female,Kolkata,Premium,736,8,Yearly,2,fiber,No
1987,25,FEMALE,Mumbai,Basic,410,10,Yearly,0,DSL,Yes
1952,54,Female,Mumbai,Basic,,15,Monthly,4,Fiber,yes
1472,,Male,Mumbai,basic,625,15,Monthly,2,fiber,yes
1945,50,FEMALE,Mumbai,basic,307,5,monthly,4,Fiber,No
1150,45,male,Patna,basic,328,29,Monthly,3,Fiber,Yes
1414,25,Female,Patna,Basic,411,19,Monthly,5,DSL,yes
1989,51,FEMALE,,Premium,430,10,Monthly,3,Fiber,No
1297,52,Male,Delhi,Premium,487,12,Yearly,4,fiber,yes
1610,49,male,Kolkata,Basic,774,4,Yearly,2,Fiber,No
1262,41,Female,Kolkata,Premium,663,31,monthly,0,Fiber,No
1763,31,Female,Patna,basic,503,18,monthly,1,fiber,Yes
1143,49,FEMALE,Kolkata,Premium,511,16,monthly,0,DSL,No
1345,,male,Patna,Premium,575,25,Yearly,1,DSL,yes
1623,21,male,,Premium,372,23,Monthly,1,fiber,yes
1571,54,male,Delhi,basic,542,12,Monthly,2,fiber,Yes
1880,38,male,,Basic,401,34,Yearly,4,DSL,Yes
1001,31,Male,Mumbai,basic,470,3,monthly,0,Fiber,No
1896,48,male,Mumbai,Basic,487,9,monthly,4,fiber,Yes
1303,35,Female,Mumbai,Basic,740,18,monthly,3,Fiber,yes
1253,24,Female,,Basic,385,35,Yearly,2,fiber,yes
1651,27,Male,Kolkata,Premium,775,34,monthly,2,DSL,Yes
1452,24,Female,Delhi,Premium,351,14,monthly,3,Fiber,Yes
1036,50,Female,Mumbai,Basic,410,4,Yearly,0,Fiber,Yes
1159,40,male,Mumbai,Basic,342,29,Monthly,5,fiber,No
1008,38,Female,Mumbai,Premium,510,15,Yearly,3,Fiber,No
1232,36,Male,Delhi,basic,499,28,Yearly,0,fiber,yes
1098,36,male,Mumbai,Basic,,16,Yearly,1,DSL,No
1658,53,FEMALE,Delhi,basic,598,12,Yearly,2,Fiber,No
1815,46,male,Mumbai,Premium,376,5,Monthly,0,fiber,No
1207,35,Male,,Basic,436,34,monthly,4,Fiber,No
1130,19,male,,basic,319,1,Yearly,4,fiber,yes
1403,18,male,Delhi,basic,739,32,Monthly,2,fiber,Yes
1151,22,Male,,basic,510,26,monthly,3,fiber,yes
1053,37,male,Delhi,Premium,850,17,monthly,5,DSL,No
1119,28,Male,,Premium,734,27,monthly,3,Fiber,Yes
1672,59,Male,,basic,506,24,Yearly,0,DSL,Yes
1919,19,FEMALE,Delhi,basic,738,35,Yearly,3,fiber,Yes
1627,20,Female,Kolkata,Premium,,26,monthly,2,fiber,yes
1586,40,Female,,basic,710,23,monthly,0,DSL,Yes
1624,29,male,Mumbai,basic,822,22,monthly,1,DSL,yes
1967,37,male,Kolkata,Premium,726,4,monthly,3,Fiber,yes
1419,22,FEMALE,Delhi,basic,574,9,monthly,3,fiber,No
1421,54,FEMALE,Kolkata,basic,747,4,monthly,5,DSL,No
1103,55,FEMALE,Patna,basic,668,7,Monthly,0,fiber,Yes
1851,47,Male,Patna,Premium,519,23,monthly,4,fiber,Yes
1253,26,FEMALE,,basic,876,2,Yearly,3,Fiber,No
1226,51,FEMALE,,Premium,531,24,Yearly,2,Fiber,yes
1111,52,male,Mumbai,Premium,627,31,Yearly,3,Fiber,yes
1509,39,FEMALE,Kolkata,Basic,742,31,monthly,5,DSL,No
1472,41,Male,Patna,Basic,351,34,Yearly,1,fiber,yes
1098,,Male,,basic,675,24,Monthly,5,DSL,No
1152,27,male,Kolkata,Premium,562,26,monthly,3,DSL,No
1860,47,FEMALE,,Basic,566,16,Yearly,4,Fiber,Yes
1913,40,FEMALE,,basic,658,13,Monthly,3,fiber,Yes
1895,49,Male,Patna,Basic,616,15,Monthly,0,fiber,No
1877,34,FEMALE,Patna,Basic,623,27,Yearly,3,Fiber,Yes
1337,34,FEMALE,,Premium,862,4,Monthly,4,fiber,No
1705,31,FEMALE,Delhi,Premium,720,16,Yearly,0,Fiber,yes
1821,26,Female,,Basic,345,30,Monthly,2,DSL,yes
1162,57,male,,Basic,899,30,monthly,0,DSL,yes
1719,,Female,Mumbai,Premium,568,3,monthly,5,Fiber,yes
1956,42,male,Mumbai,basic,680,22,monthly,1,DSL,No
1680,56,Male,Mumbai,Premium,417,22,monthly,5,DSL,yes
1995,,FEMALE,Delhi,Basic,865,12,monthly,0,Fiber,yes
1160,39,male,Delhi,basic,415,21,Yearly,2,DSL,yes
1579,21,Female,,Basic,559,4,monthly,3,fiber,yes
1800,,FEMALE,Mumbai,basic,,31,monthly,0,DSL,No
1397,46,Male,Delhi,Basic,779,31,monthly,5,Fiber,yes
1276,51,male,Patna,basic,,23,monthly,0,fiber,Yes
1815,40,male,,basic,306,20,Monthly,0,fiber,Yes
1915,54,male,Kolkata,Basic,665,15,monthly,0,DSL,Yes
1503,28,FEMALE,,basic,822,23,monthly,2,fiber,Yes
1895,23,Female,Kolkata,Premium,647,28,Yearly,4,Fiber,Yes
1391,35,Female,Mumbai,Basic,737,16,Monthly,4,fiber,Yes
1134,38,male,Kolkata,Premium,514,21,Yearly,0,DSL,No
1194,59,Male,Mumbai,Basic,,15,monthly,2,DSL,Yes
1400,53,Male,Patna,basic,797,17,Yearly,2,fiber,yes
1639,58,Female,Kolkata,basic,839,13,Yearly,0,Fiber,Yes
1032,55,Male,,basic,666,19,monthly,5,Fiber,No
1687,51,Female,Mumbai,Basic,612,30,Monthly,5,DSL,Yes
1459,34,male,,Premium,837,18,Monthly,1,DSL,yes
1954,54,Female,Delhi,Premium,,14,Yearly,0,Fiber,yes
1882,42,Female,Mumbai,Basic,840,20,monthly,1,fiber,No
1469,55,male,Kolkata,Basic,766,19,Yearly,5,fiber,No
1374,29,Male,Mumbai,Premium,463,7,Yearly,5,fiber,No
1021,40,Female,,Premium,633,4,Yearly,0,fiber,No
1749,59,Female,Patna,Premium,846,34,monthly,1,Fiber,Yes
1669,,male,Mumbai,Premium,647,2,monthly,1,DSL,Yes
1037,,Male,Kolkata,Basic,572,5,Monthly,0,DSL,yes
1229,44,Female,Delhi,Basic,713,10,monthly,1,fiber,No
1364,48,male,Patna,basic,799,32,Yearly,3,Fiber,No
1562,23,Female,Delhi,Premium,392,13,Yearly,5,Fiber,Yes
1437,44,FEMALE,Mumbai,basic,378,5,Monthly,4,fiber,No
1775,57,male,,Basic,,10,monthly,2,fiber,yes
1282,51,Male,,Basic,657,10,Yearly,1,fiber,yes
1026,29,Male,Kolkata,basic,806,27,Monthly,1,DSL,No
1225,24,Male,,Premium,,21,Monthly,2,fiber,yes
1276,,Male,Patna,Premium,480,8,Yearly,1,DSL,yes
1797,34,Female,,Premium,875,1,Yearly,2,Fiber,Yes
1608,43,Female,Kolkata,Premium,545,28,monthly,0,Fiber,yes
1283,38,Male,Mumbai,basic,543,14,Monthly,3,DSL,No
1878,45,Male,Mumbai,basic,805,21,Yearly,3,DSL,No
1959,19,Male,,Basic,721,30,Monthly,5,DSL,yes
1480,18,Female,Delhi,Premium,619,21,monthly,4,DSL,No
1452,,Male,Mumbai,Premium,,9,Yearly,1,fiber,Yes
1828,43,Male,,Premium,,17,monthly,4,Fiber,yes
1815,46,FEMALE,Kolkata,basic,789,5,Monthly,0,fiber,yes
1658,38,FEMALE,,Premium,818,31,monthly,3,DSL,yes
1515,28,Male,Mumbai,basic,577,19,monthly,0,fiber,No
1546,57,male,Kolkata,Premium,468,33,Monthly,0,fiber,No
1191,28,Male,,Premium,629,13,monthly,1,Fiber,yes
1048,53,FEMALE,Patna,Basic,740,14,Monthly,0,fiber,No
1511,56,male,Kolkata,Premium,690,33,Yearly,3,Fiber,No
1016,57,male,Patna,Premium,795,29,Monthly,4,DSL,yes
1171,52,Male,Delhi,Basic,680,10,Monthly,3,fiber,yes
1219,51,FEMALE,Kolkata,basic,605,31,Yearly,1,DSL,No
1157,41,FEMALE,Patna,basic,812,6,Monthly,3,Fiber,yes
1476,39,male,Mumbai,Premium,487,1,Yearly,2,DSL,yes
1045,22,Male,Mumbai,basic,815,7,Yearly,4,DSL,yes
1372,50,Female,Delhi,Premium,726,27,Monthly,2,Fiber,yes
1517,53,Female,Kolkata,Basic,801,21,monthly,2,DSL,No
1098,37,FEMALE,Kolkata,Basic,559,28,monthly,5,DSL,yes
1891,36,Female,Kolkata,Premium,812,16,Yearly,1,DSL,Yes
1744,52,FEMALE,Delhi,Basic,370,23,monthly,0,fiber,yes
1036,34,FEMALE,Kolkata,Basic,777,20,monthly,2,DSL,Yes
1279,51,FEMALE,Mumbai,Premium,,25,Monthly,3,Fiber,yes
1348,26,Female,Patna,Premium,756,28,Yearly,0,fiber,Yes
1496,43,FEMALE,Mumbai,Basic,488,5,Yearly,3,fiber,Yes
1301,19,male,Mumbai,basic,,21,Monthly,3,Fiber,yes
1180,26,Male,Patna,basic,819,18,monthly,0,DSL,yes
1606,26,Male,Mumbai,Premium,,6,Yearly,0,fiber,yes
1098,,FEMALE,Delhi,Premium,582,29,monthly,3,fiber,Yes
1699,34,Male,Patna,basic,843,19,Yearly,1,fiber,No
1992,,Female,Mumbai,Basic,676,33,Yearly,4,DSL,No
1115,42,Female,,basic,455,1,Yearly,5,fiber,yes
1190,,Male,Mumbai,basic,807,3,Yearly,4,Fiber,No
1252,,Female,Delhi,basic,712,21,monthly,1,DSL,No
1980,42,Male,Kolkata,basic,827,35,monthly,5,Fiber,yes
1927,56,Male,Mumbai,Premium,654,3,monthly,0,Fiber,Yes
1982,52,Male,Kolkata,Premium,,25,monthly,5,fiber,yes
1160,20,FEMALE,,Basic,486,20,Monthly,3,fiber,No
1255,54,Male,Mumbai,Basic,330,34,Yearly,4,fiber,Yes
1322,47,FEMALE,Patna,Basic,559,21,Yearly,5,Fiber,No
1127,55,Male,Kolkata,Basic,720,23,Yearly,3,DSL,Yes
1017,51,Male,,basic,828,6,Monthly,1,fiber,No
1792,29,Male,Patna,Premium,850,13,monthly,5,fiber,yes
1734,36,Female,Patna,Premium,603,23,Yearly,3,Fiber,No
1565,54,FEMALE,Patna,Basic,338,9,monthly,1,DSL,No
1569,34,FEMALE,Patna,Basic,788,17,monthly,0,Fiber,Yes
1322,27,Male,Mumbai,basic,841,2,Monthly,1,fiber,No
1871,29,Male,Mumbai,basic,577,19,Monthly,1,Fiber,yes
1685,33,Female,Mumbai,Basic,502,19,monthly,4,fiber,yes
1791,41,Female,,Premium,365,7,Yearly,3,DSL,yes
1625,36,Female,,Premium,407,20,Yearly,5,Fiber,Yes
1287,25,FEMALE,,Premium,567,9,Monthly,4,fiber,Yes
1942,48,FEMALE,Delhi,Basic,521,17,Monthly,2,fiber,No
1853,,FEMALE,,Premium,829,27,Monthly,1,fiber,No
1662,34,Male,Mumbai,basic,389,2,Monthly,2,fiber,No
1961,40,FEMALE,Mumbai,basic,554,19,Monthly,4,Fiber,Yes
1638,54,male,Delhi,Basic,754,17,Monthly,3,fiber,Yes
1154,33,male,Delhi,basic,552,5,Monthly,4,Fiber,No
1489,23,Female,,Basic,556,18,Yearly,3,fiber,Yes
1385,25,FEMALE,Kolkata,Premium,682,7,Monthly,3,Fiber,Yes
1985,42,male,Delhi,Premium,,17,Monthly,0,Fiber,yes
1784,35,Female,Patna,Premium,,4,Yearly,1,fiber,yes
1103,42,FEMALE,Mumbai,basic,389,25,Yearly,4,fiber,No
1928,29,Male,Patna,Basic,689,5,monthly,3,fiber,No
1392,32,male,Mumbai,Premium,881,30,Monthly,4,fiber,yes
1810,43,Male,Mumbai,Basic,343,12,Monthly,4,DSL,Yes
1245,58,FEMALE,Delhi,Premium,897,4,Monthly,3,fiber,No
1175,43,male,Delhi,basic,318,24,Monthly,5,fiber,No
1038,49,FEMALE,Patna,basic,400,29,monthly,2,fiber,No
1476,27,Male,Mumbai,Basic,656,9,Yearly,1,Fiber,Yes
1681,33,male,Patna,basic,841,4,Yearly,1,fiber,yes
1758,24,Male,Kolkata,basic,332,24,Monthly,5,Fiber,No
1537,,FEMALE,Patna,Basic,528,14,Monthly,0,Fiber,yes
1866,40,FEMALE,,Premium,823,5,Monthly,5,Fiber,yes
1817,43,Male,Patna,basic,454,18,monthly,0,Fiber,Yes
1920,38,male,,Basic,722,19,monthly,0,DSL,Yes
1407,39,Male,,basic,545,12,Yearly,5,fiber,Yes
1524,,FEMALE,,basic,704,18,Monthly,1,Fiber,Yes
1827,31,Male,Kolkata,basic,840,17,Monthly,2,fiber,Yes
1505,32,FEMALE,Patna,basic,460,30,Monthly,1,Fiber,Yes
1902,24,Male,Patna,Basic,416,24,Monthly,1,DSL,No
1824,26,male,Kolkata,Basic,570,11,monthly,1,Fiber,yes
1035,25,male,Mumbai,Basic,786,35,Yearly,5,fiber,Yes
1684,,Male,Delhi,basic,471,23,Yearly,5,fiber,No
1019,46,Male,Patna,basic,573,17,monthly,5,DSL,yes
1320,,male,Delhi,basic,558,1,Monthly,1,fiber,Yes
1775,48,FEMALE,Kolkata,Basic,434,15,Yearly,2,fiber,Yes
1511,47,male,Mumbai,basic,721,32,Yearly,0,Fiber,No
1399,56,FEMALE,Mumbai,Premium,720,9,monthly,4,fiber,yes
1653,52,Male,Mumbai,basic,485,15,Monthly,0,Fiber,Yes
1971,35,Male,Kolkata,Premium,663,28,Yearly,0,DSL,yes
1882,,FEMALE,,basic,677,24,Monthly,4,fiber,No
1470,,Male,,Basic,822,35,Yearly,1,Fiber,Yes
1142,34,FEMALE,Delhi,basic,879,22,monthly,2,fiber,yes
1091,31,Female,,Premium,495,27,Monthly,2,Fiber,No
1353,48,male,,Premium,397,19,monthly,0,DSL,No
1833,41,Female,Mumbai,basic,,12,Yearly,4,Fiber,Yes
1799,52,FEMALE,Mumbai,Premium,749,20,monthly,3,fiber,yes
1726,51,male,Delhi,Premium,471,1,monthly,1,Fiber,Yes
1958,20,FEMALE,Patna,Basic,682,21,monthly,0,fiber,Yes
1853,54,male,Delhi,basic,433,1,Yearly,2,DSL,yes
1050,57,male,Delhi,basic,725,10,Monthly,5,Fiber,yes
1664,43,male,Kolkata,basic,324,32,monthly,5,fiber,yes
1697,40,male,Kolkata,Premium,802,22,Monthly,4,fiber,No
1574,56,FEMALE,Delhi,basic,484,18,Yearly,4,fiber,No
1189,32,male,Delhi,basic,384,32,Monthly,0,Fiber,yes
1124,21,male,Delhi,Basic,866,27,monthly,3,Fiber,No
1149,46,Female,,Basic,443,28,monthly,2,Fiber,Yes
1313,39,Male,Kolkata,Basic,711,18,monthly,0,DSL,yes
1569,42,Male,Delhi,Premium,523,29,monthly,3,fiber,Yes
1341,30,Female,Mumbai,basic,519,18,monthly,4,fiber,yes
1304,35,Female,Mumbai,Basic,478,8,monthly,5,DSL,Yes
1691,50,FEMALE,,Basic,732,31,Yearly,1,DSL,yes
1681,33,FEMALE,,Basic,,34,Yearly,5,Fiber,Yes
1837,59,FEMALE,Patna,basic,728,7,Yearly,2,Fiber,yes
1782,19,Female,Patna,basic,715,18,Monthly,2,Fiber,yes
1053,52,Female,Patna,basic,,9,Monthly,5,Fiber,No
1443,59,male,,Premium,496,9,Yearly,5,Fiber,Yes
1612,,FEMALE,,Premium,853,8,Monthly,3,Fiber,No
1992,47,FEMALE,,Basic,352,35,Monthly,0,DSL,Yes
1263,,FEMALE,Mumbai,basic,,18,monthly,4,DSL,No
1052,,Male,,Basic,742,5,monthly,3,DSL,yes
1571,35,male,Mumbai,basic,629,14,Monthly,1,fiber,No
1619,49,FEMALE,Patna,basic,550,28,Monthly,5,fiber,No
1004,49,FEMALE,Patna,basic,422,30,Yearly,1,Fiber,yes
1102,52,FEMALE,Patna,Premium,686,4,Monthly,1,DSL,No
1195,56,Male,Delhi,Premium,638,20,monthly,3,fiber,yes
1773,46,Male,Delhi,basic,647,25,Monthly,4,fiber,Yes
1876,46,Female,Kolkata,Basic,328,28,Yearly,2,DSL,No
1991,33,male,Kolkata,basic,334,12,monthly,0,fiber,yes
1883,27,Female,Kolkata,basic,817,2,monthly,2,fiber,yes
1349,47,male,Delhi,Basic,695,14,monthly,4,DSL,No
1046,42,Male,Delhi,basic,593,22,monthly,2,fiber,Yes
1866,56,FEMALE,Kolkata,Basic,888,31,Monthly,5,DSL,No
1822,37,Female,Kolkata,Premium,648,23,Yearly,5,fiber,yes
1935,22,FEMALE,,Premium,446,20,Monthly,3,DSL,Yes
1819,18,Female,Kolkata,Basic,366,4,Monthly,1,fiber,No
1655,,Male,,Premium,819,15,monthly,4,fiber,yes
1268,20,Male,Mumbai,Premium,421,24,Yearly,4,DSL,No
1369,31,Male,Delhi,Basic,639,25,monthly,2,fiber,Yes
1635,47,Female,Kolkata,Premium,474,1,Monthly,3,DSL,Yes
1105,21,male,Delhi,basic,896,7,Monthly,2,DSL,Yes
1669,35,Female,Delhi,basic,750,31,monthly,2,fiber,Yes
1658,54,male,Delhi,Basic,856,12,Monthly,4,Fiber,Yes
1656,42,Female,Mumbai,Premium,435,5,Monthly,2,fiber,No
1119,18,Female,Patna,basic,,12,monthly,1,Fiber,Yes
1830,32,Male,Kolkata,basic,632,18,Monthly,2,Fiber,Yes
1786,,FEMALE,Patna,Premium,494,2,Yearly,1,fiber,yes
1603,32,FEMALE,Patna,Premium,795,10,monthly,4,Fiber,Yes
1057,41,male,Patna,basic,308,15,Yearly,3,DSL,yes
1950,21,FEMALE,Delhi,basic,633,30,Monthly,5,DSL,yes
1345,29,Female,,Basic,632,17,Monthly,1,Fiber,yes
1740,,Female,Delhi,Basic,626,4,monthly,3,DSL,No
1473,,Male,Delhi,basic,314,7,Monthly,3,fiber,No
1116,23,Male,Patna,Basic,525,31,monthly,1,DSL,yes
1829,56,FEMALE,Delhi,basic,724,34,monthly,4,Fiber,No
1790,41,male,Patna,basic,707,6,monthly,0,fiber,Yes
1126,28,FEMALE,,Basic,412,34,monthly,3,DSL,No
1392,30,FEMALE,Kolkata,Basic,727,15,monthly,3,fiber,Yes
1907,51,FEMALE,Patna,Premium,300,14,Yearly,4,Fiber,Yes
1640,42,FEMALE,,Premium,,6,monthly,4,DSL,No
1057,24,Female,Kolkata,Premium,790,32,Yearly,2,fiber,No
1633,21,male,Mumbai,basic,507,3,Monthly,4,fiber,yes
1512,25,Female,Patna,Basic,668,3,monthly,3,DSL,No
1750,37,male,Patna,basic,605,22,Monthly,1,fiber,No
1801,46,Male,Mumbai,Basic,311,22,monthly,0,fiber,No
1095,27,FEMALE,Mumbai,basic,644,10,Yearly,2,Fiber,Yes
1637,51,Female,Patna,Premium,764,3,Yearly,1,Fiber,Yes
1117,43,male,Mumbai,Premium,793,12,Yearly,0,Fiber,Yes
1559,58,Male,Delhi,Premium,667,29,Monthly,0,Fiber,yes
1600,20,Male,Kolkata,basic,719,17,monthly,0,Fiber,yes
1487,23,FEMALE,Kolkata,Basic,470,7,Monthly,5,Fiber,yes
1236,22,male,Kolkata,Basic,433,13,Yearly,1,DSL,Yes
1884,22,Female,Delhi,Premium,726,2,Monthly,2,Fiber,No
1896,40,FEMALE,Mumbai,Premium,324,4,Yearly,2,fiber,yes
1271,26,Female,,Premium,829,10,Yearly,0,DSL,yes
1188,52,Male,Mumbai,Premium,,24,Yearly,1,fiber,Yes
1998,,Female,Patna,Basic,440,17,monthly,5,Fiber,yes
1703,,Female,Kolkata,basic,854,6,monthly,0,Fiber,No
1446,52,FEMALE,Mumbai,basic,614,19,Yearly,4,fiber,Yes
1580,35,Female,,basic,,5,Monthly,2,fiber,Yes
1789,,FEMALE,Patna,basic,618,32,Monthly,3,fiber,No
1860,41,Male,Delhi,Premium,740,10,monthly,0,DSL,No
1246,20,FEMALE,Delhi,Premium,391,9,Yearly,4,Fiber,No
1962,49,FEMALE,,Premium,478,27,Monthly,2,fiber,yes
1075,52,male,Patna,basic,355,13,Yearly,5,Fiber,No
1153,55,Female,Kolkata,Premium,454,19,Monthly,1,fiber,Yes
1655,30,Male,Mumbai,Premium,410,21,monthly,2,Fiber,No
1434,42,FEMALE,Patna,Basic,436,24,Yearly,1,DSL,Yes
1996,26,Male,Delhi,Basic,531,4,Yearly,1,Fiber,Yes
1085,,male,,Premium,767,24,Monthly,5,fiber,yes
1696,31,Female,,Basic,780,35,Monthly,5,Fiber,No
1284,54,FEMALE,Mumbai,Basic,367,3,Monthly,0,DSL,yes
1973,51,Female,,Premium,,4,Yearly,0,DSL,No
1219,28,male,,Premium,622,35,monthly,2,Fiber,No
1068,58,male,Patna,Premium,817,31,monthly,5,fiber,No
1046,20,Male,Kolkata,Premium,731,25,Monthly,4,DSL,No
1093,45,FEMALE,Mumbai,basic,786,13,monthly,2,DSL,No
1749,,Male,Patna,basic,728,4,Monthly,3,Fiber,Yes
1957,26,male,Kolkata,Premium,568,14,monthly,1,DSL,Yes
1452,20,Female,Patna,Basic,836,13,Yearly,1,DSL,No
1203,42,Male,Patna,Premium,,27,Monthly,0,fiber,Yes
1911,,Male,,Premium,417,6,monthly,4,fiber,yes
1217,29,Female,Kolkata,Basic,666,17,Yearly,5,fiber,yes
1473,59,Male,Mumbai,basic,365,35,monthly,5,Fiber,yes
1431,26,Female,Mumbai,Premium,669,17,Yearly,0,DSL,No
1340,32,FEMALE,Kolkata,Premium,474,2,Yearly,3,Fiber,No
1550,57,Female,,basic,887,13,monthly,2,DSL,Yes
1611,42,FEMALE,Delhi,basic,794,2,monthly,2,DSL,Yes
1288,22,Female,Patna,Basic,413,28,Yearly,4,DSL,Yes
1253,28,male,,basic,410,26,Yearly,0,fiber,yes
1733,51,male,Kolkata,basic,738,22,Yearly,0,Fiber,yes
1356,41,FEMALE,Patna,basic,446,3,Monthly,3,Fiber,yes
1022,32,FEMALE,Mumbai,Basic,334,35,Yearly,2,DSL,yes
1761,55,male,Delhi,basic,608,12,Monthly,0,Fiber,Yes
1521,25,FEMALE,Mumbai,basic,837,24,Yearly,5,fiber,No
1757,22,Female,Kolkata,Basic,313,5,Monthly,4,Fiber,No
1836,43,Female,Patna,basic,,20,Yearly,2,DSL,yes
1099,35,male,Kolkata,basic,856,13,Yearly,3,fiber,No
1801,23,Male,Patna,Basic,727,12,Yearly,4,fiber,No
1179,54,Female,,Premium,532,13,monthly,1,DSL,No
1222,30,FEMALE,Delhi,Basic,862,10,monthly,5,Fiber,yes
1905,45,Male,,basic,739,33,Yearly,3,DSL,Yes
1761,22,Male,,basic,801,16,Monthly,4,Fiber,Yes
1658,30,Female,Kolkata,basic,574,35,Monthly,0,Fiber,No
1441,34,Female,Delhi,Basic,375,3,Yearly,1,fiber,Yes
1607,57,Male,Patna,basic,738,5,monthly,3,DSL,Yes
1768,49,Male,Patna,basic,,26,Monthly,0,fiber,yes
1324,46,male,Mumbai,Basic,839,11,monthly,5,DSL,yes
1515,20,FEMALE,Patna,Premium,552,7,Monthly,1,DSL,No
1015,57,male,Kolkata,Premium,425,10,Yearly,2,fiber,No
1791,51,Female,,basic,476,34,monthly,0,DSL,No
1335,57,male,,Basic,,3,Monthly,4,DSL,yes
1758,44,male,,basic,,8,Yearly,3,Fiber,Yes
1257,30,male,Delhi,Basic,,31,Yearly,1,DSL,yes
1496,50,male,Patna,Basic,782,11,Yearly,0,DSL,yes
1987,23,FEMALE,Kolkata,Premium,,7,monthly,2,fiber,Yes
1895,41,FEMALE,Delhi,Premium,891,2,monthly,3,fiber,Yes
1159,36,Male,Mumbai,Basic,593,6,Yearly,3,DSL,No
1474,33,Female,Kolkata,basic,642,32,monthly,0,Fiber,Yes
1851,57,male,Kolkata,Premium,609,20,Monthly,2,Fiber,Yes
1663,,Male,Kolkata,basic,827,34,Yearly,5,fiber,Yes
1907,50,Male,,Premium,839,16,Yearly,5,DSL,Yes
1689,58,Male,Kolkata,Premium,718,25,monthly,1,DSL,No
1674,30,FEMALE,Patna,basic,743,12,Yearly,0,Fiber,No
1379,42,male,Kolkata,Premium,,7,Monthly,1,Fiber,Yes
1544,59,male,,Premium,535,17,monthly,5,Fiber,Yes
1928,53,Female,Kolkata,basic,738,11,monthly,3,fiber,No
1956,44,male,Mumbai,Premium,513,6,Yearly,1,DSL,No
1690,55,male,Mumbai,Premium,384,23,Yearly,2,fiber,Yes
1426,24,Male,,Premium,384,27,Yearly,4,DSL,yes
1612,22,Female,Patna,basic,,6,monthly,5,fiber,No
1267,48,male,Patna,Basic,364,2,Yearly,5,DSL,No
1834,40,FEMALE,Delhi,basic,363,22,Monthly,2,Fiber,No
1576,59,male,,Basic,642,20,Yearly,1,Fiber,Yes
1416,,Male,Kolkata,Premium,651,25,Yearly,0,Fiber,Yes
1167,49,FEMALE,,Basic,457,15,monthly,3,fiber,No
1841,47,Male,Delhi,basic,888,29,Yearly,4,Fiber,Yes
1042,56,male,,basic,790,8,monthly,0,DSL,Yes
1555,48,FEMALE,,Premium,762,33,Yearly,0,fiber,No
1284,35,Female,Delhi,Basic,524,22,Monthly,2,DSL,Yes
1396,53,Female,Patna,Premium,612,5,Monthly,1,fiber,yes
1011,19,FEMALE,Kolkata,Premium,765,18,monthly,5,DSL,Yes
1606,31,FEMALE,Delhi,basic,387,30,monthly,5,DSL,Yes
1301,30,Male,Mumbai,Basic,602,31,Yearly,2,fiber,No
1897,46,FEMALE,Patna,Basic,734,10,Yearly,1,fiber,No
1252,29,Male,Mumbai,Basic,434,15,Monthly,2,Fiber,yes
1498,56,male,Patna,Basic,349,18,Yearly,5,Fiber,Yes
1753,19,Male,Kolkata,Premium,731,23,Monthly,0,DSL,yes
1034,49,FEMALE,Kolkata,Premium,639,33,monthly,3,DSL,yes
1726,30,FEMALE,,basic,646,16,Yearly,1,DSL,No
1848,44,male,Mumbai,Premium,646,35,monthly,4,fiber,Yes
1089,58,FEMALE,Patna,Premium,544,34,Yearly,4,fiber,No
1775,34,FEMALE,Kolkata,basic,408,28,Monthly,0,Fiber,yes
1604,57,Female,Delhi,basic,832,2,monthly,2,DSL,yes
1921,48,Female,Kolkata,basic,,30,monthly,2,Fiber,No
1969,51,male,Delhi,Premium,595,13,Yearly,5,fiber,No
1601,41,Male,Patna,Premium,411,16,monthly,0,fiber,No
1417,,Female,Kolkata,basic,888,5,Monthly,5,fiber,No
1114,,Male,Kolkata,basic,,28,monthly,5,Fiber,No
1616,36,FEMALE,Patna,basic,642,20,monthly,4,fiber,yes
1902,47,Female,Kolkata,Premium,400,24,Yearly,5,DSL,No
1195,24,male,Delhi,Premium,,27,monthly,5,Fiber,Yes
1825,,male,Kolkata,Basic,327,30,Yearly,4,fiber,yes
1500,58,male,Mumbai,Premium,836,27,Yearly,2,Fiber,yes
1625,49,Female,,Premium,357,26,monthly,1,Fiber,Yes
1492,51,Male,Delhi,Premium,797,7,Monthly,3,fiber,Yes
1074,45,FEMALE,Mumbai,basic,596,5,Yearly,5,fiber,yes
1412,32,Male,Patna,Premium,433,23,monthly,1,Fiber,No
1375,47,Male,Delhi,basic,630,28,Yearly,4,Fiber,yes
1419,54,FEMALE,,Basic,548,34,Monthly,1,fiber,yes
1728,46,FEMALE,,Basic,849,15,Monthly,3,DSL,Yes
1276,39,Female,Patna,basic,374,32,Yearly,1,Fiber,yes
1760,21,Female,Patna,basic,467,26,Monthly,1,Fiber,No
1675,37,Female,Delhi,basic,802,31,monthly,1,DSL,Yes
1393,49,Female,Kolkata,Premium,654,19,monthly,1,fiber,yes
1868,53,Female,Patna,Basic,524,9,Yearly,0,fiber,yes
1456,,FEMALE,Kolkata,basic,830,29,Monthly,5,DSL,No
1919,44,Male,Mumbai,Premium,445,4,monthly,4,fiber,yes
1191,34,Female,,Basic,540,3,monthly,3,fiber,yes
1738,29,Female,Kolkata,Premium,643,29,monthly,4,Fiber,yes
1688,39,Male,,Basic,334,11,Yearly,0,Fiber,yes
1098,34,Female,Kolkata,Premium,300,33,Yearly,0,Fiber,No
1547,27,Male,Mumbai,Basic,,11,monthly,0,DSL,yes
1977,18,Male,Patna,Basic,728,27,monthly,5,fiber,yes
1998,39,FEMALE,Mumbai,Premium,807,33,Monthly,0,fiber,yes
1095,43,male,Patna,basic,,21,Monthly,1,Fiber,Yes
1663,35,FEMALE,Patna,Basic,790,31,Monthly,4,Fiber,No
1662,31,male,,basic,781,2,Yearly,2,DSL,Yes
1189,46,male,Mumbai,Premium,644,27,monthly,3,fiber,Yes
1735,29,male,Kolkata,basic,520,11,Yearly,0,DSL,No
1036,53,Female,Mumbai,basic,324,18,monthly,4,fiber,Yes
1779,52,FEMALE,,basic,827,1,Monthly,0,DSL,Yes
1368,29,male,Patna,basic,481,35,Monthly,5,Fiber,Yes
1694,24,Male,,basic,798,35,Monthly,0,DSL,No
1524,46,Female,Delhi,Basic,341,31,Monthly,0,DSL,yes
1278,28,FEMALE,Delhi,Basic,780,28,monthly,0,Fiber,No
1216,50,male,Kolkata,Basic,738,1,Monthly,0,fiber,No
1866,23,Male,,Premium,701,25,monthly,3,fiber,No
1872,32,FEMALE,Kolkata,basic,845,20,monthly,4,Fiber,Yes
1797,49,FEMALE,Kolkata,Basic,644,3,Yearly,5,DSL,yes
1272,28,Female,Delhi,Premium,344,2,Monthly,0,DSL,No
1880,40,FEMALE,Kolkata,Basic,320,18,Monthly,0,DSL,No
1061,43,Female,Delhi,Basic,,10,Yearly,0,fiber,yes
1595,51,male,Patna,basic,347,5,monthly,0,DSL,yes
1879,51,Female,,Premium,790,9,Monthly,1,fiber,yes
1728,,Male,Kolkata,basic,850,2,monthly,1,DSL,Yes
1341,21,Female,Delhi,basic,586,34,Yearly,2,Fiber,yes
1396,34,Male,Mumbai,Basic,309,31,monthly,0,Fiber,Yes
1698,52,Female,Kolkata,basic,841,10,Monthly,2,fiber,No
1018,30,FEMALE,Patna,Premium,573,12,monthly,3,fiber,Yes
1176,58,male,Patna,basic,,21,monthly,2,Fiber,yes
1611,56,Male,Mumbai,basic,680,6,Monthly,4,Fiber,Yes
1395,32,Female,Delhi,basic,628,3,Monthly,1,DSL,yes
1444,46,Female,Kolkata,Basic,778,10,monthly,1,Fiber,Yes
1232,46,Female,Delhi,Premium,314,5,monthly,0,fiber,No
1914,28,FEMALE,Patna,Basic,815,26,Yearly,0,Fiber,Yes
1075,49,FEMALE,Delhi,Basic,490,21,Monthly,3,fiber,No
1264,19,Male,Patna,Basic,467,26,monthly,5,fiber,yes
1454,31,Male,Delhi,Basic,820,26,Monthly,3,DSL,No
1795,37,FEMALE,Mumbai,Basic,436,8,Yearly,4,DSL,yes
1717,39,Male,,Premium,,5,monthly,0,DSL,yes
1734,,male,Mumbai,basic,687,15,monthly,0,DSL,No
1383,44,male,Mumbai,Basic,,16,monthly,3,Fiber,No
1563,20,FEMALE,,Basic,571,1,Monthly,3,DSL,Yes
1850,,Male,,Premium,442,16,Yearly,3,Fiber,Yes
1505,45,Female,Kolkata,Premium,368,3,Monthly,1,DSL,No
1366,46,male,Kolkata,basic,546,31,monthly,2,DSL,No
1143,,FEMALE,Mumbai,Premium,560,13,Yearly,2,fiber,No
1884,33,Male,Mumbai,basic,378,16,monthly,0,Fiber,No
1068,54,FEMALE,Patna,Basic,824,21,monthly,1,fiber,yes
1098,37,Female,Patna,Basic,629,2,Monthly,3,DSL,No
1395,,male,Kolkata,basic,488,27,monthly,0,Fiber,No
1024,36,FEMALE,Kolkata,Premium,,26,Yearly,1,DSL,No
1947,,FEMALE,Patna,basic,307,25,monthly,4,fiber,No
1890,20,FEMALE,Patna,Premium,366,11,monthly,5,Fiber,yes
1468,18,Female,Delhi,Basic,795,8,Monthly,1,fiber,Yes
1483,,FEMALE,Delhi,Premium,490,8,Yearly,0,DSL,Yes
1564,32,Female,Patna,basic,665,33,Monthly,2,DSL,Yes
1150,,Female,Delhi,basic,820,7,monthly,3,DSL,Yes
1143,52,Female,,Basic,416,21,Monthly,5,Fiber,Yes
1568,42,male,Kolkata,Premium,566,8,Monthly,4,fiber,yes
1038,41,male,Kolkata,Premium,784,21,Monthly,5,fiber,Yes
1108,29,FEMALE,Patna,Premium,808,20,Monthly,5,DSL,yes
1692,35,FEMALE,Mumbai,Basic,597,8,monthly,1,fiber,yes
1041,32,male,Patna,Premium,463,31,monthly,0,Fiber,Yes
1185,,Male,Delhi,basic,675,29,Yearly,0,DSL,Yes
1934,44,male,Mumbai,Premium,567,9,Monthly,5,DSL,Yes
1397,25,Female,Delhi,Basic,,15,Monthly,3,DSL,No
1222,42,male,,Premium,373,30,Yearly,0,Fiber,yes
1633,34,Female,Delhi,Premium,807,26,Monthly,5,DSL,Yes
1132,46,FEMALE,,basic,372,10,Yearly,0,DSL,No
1162,,Male,,Premium,607,29,monthly,3,DSL,yes
1214,32,FEMALE,Delhi,basic,498,16,Yearly,4,DSL,No
1732,44,Female,Delhi,basic,429,20,Monthly,5,fiber,No
1234,24,Female,,Basic,871,22,Yearly,2,DSL,Yes
1842,20,Female,Mumbai,basic,786,7,monthly,2,Fiber,yes
1657,46,Male,,basic,450,23,Monthly,5,DSL,No
1750,41,male,Kolkata,Basic,505,29,monthly,1,DSL,yes
1587,20,FEMALE,,basic,478,16,monthly,4,fiber,Yes
1008,37,FEMALE,Mumbai,Basic,496,28,Yearly,1,DSL,yes
1073,32,male,Kolkata,Premium,388,31,monthly,2,fiber,No
1953,42,FEMALE,Patna,Basic,733,14,Monthly,3,Fiber,No
1491,47,Male,Patna,basic,482,33,monthly,5,fiber,yes
1912,31,FEMALE,Mumbai,Basic,508,9,monthly,0,DSL,No
1252,,Female,,basic,792,27,Yearly,2,Fiber,No
1229,34,male,Delhi,Premium,429,24,monthly,4,DSL,No
1518,37,Male,Mumbai,Basic,312,13,Yearly,2,fiber,Yes
1173,53,male,Kolkata,Premium,405,26,Yearly,4,Fiber,Yes
1652,26,Male,Kolkata,basic,,29,Monthly,4,Fiber,No
1167,55,Female,Patna,basic,881,28,Monthly,5,fiber,yes
1169,39,male,Kolkata,Premium,398,28,Monthly,4,fiber,Yes
1392,19,FEMALE,Mumbai,Basic,893,8,Monthly,1,Fiber,yes
1945,41,Male,Kolkata,Basic,886,23,Yearly,3,Fiber,No
1794,25,male,Mumbai,basic,491,29,monthly,2,fiber,No
1633,28,FEMALE,Delhi,Premium,624,5,Monthly,3,DSL,yes
1193,30,male,Patna,Premium,766,7,Monthly,0,Fiber,Yes
1516,34,male,Kolkata,Basic,666,27,Monthly,2,fiber,yes
1028,25,male,Mumbai,Basic,617,2,monthly,3,DSL,yes
1164,,Male,,Basic,443,25,Monthly,3,Fiber,No
1421,35,FEMALE,Patna,Premium,683,9,monthly,5,Fiber,Yes
1338,47,Female,Delhi,Basic,515,27,Yearly,5,fiber,yes
1647,,Male,Mumbai,Basic,660,1,Yearly,0,DSL,Yes
1495,48,Male,Delhi,basic,,23,Yearly,4,Fiber,No
1364,55,Male,Delhi,Basic,314,10,monthly,2,DSL,Yes
1832,49,Female,Kolkata,Basic,516,25,Monthly,5,DSL,No
1341,28,FEMALE,Kolkata,Premium,791,3,Monthly,2,Fiber,Yes
1499,42,FEMALE,Mumbai,Premium,846,6,Monthly,0,DSL,yes
1656,50,FEMALE,,basic,482,6,Monthly,5,Fiber,No
1510,55,male,Mumbai,Basic,,2,Monthly,5,DSL,yes
1326,58,male,,basic,766,18,monthly,4,Fiber,No
1216,25,male,Delhi,Premium,818,23,Yearly,2,fiber,Yes
1300,28,Female,Patna,basic,841,2,Monthly,2,Fiber,Yes
1131,39,male,Mumbai,Premium,766,12,Yearly,2,Fiber,No
1803,41,Female,Mumbai,basic,,22,monthly,4,Fiber,No
1069,58,FEMALE,,basic,443,20,monthly,5,DSL,No
1251,,male,Delhi,Basic,410,24,Monthly,0,fiber,Yes
1414,29,male,Delhi,basic,531,20,monthly,2,DSL,No
1786,49,Male,,Basic,883,1,Yearly,3,DSL,No
1444,32,Female,Delhi,Basic,891,1,Monthly,4,Fiber,yes
1875,33,FEMALE,Kolkata,Basic,799,17,Monthly,1,DSL,No
1181,39,Male,Patna,Basic,894,1,Yearly,0,Fiber,yes
1166,45,Male,Mumbai,basic,853,30,Monthly,3,fiber,yes
1090,37,FEMALE,Patna,Premium,572,3,Monthly,2,DSL,yes
1713,50,Male,Mumbai,Premium,472,11,Yearly,1,DSL,Yes
1857,,Female,Kolkata,Premium,306,24,Monthly,0,DSL,yes
1530,57,Female,Delhi,basic,454,22,Monthly,4,Fiber,No
1038,49,male,,Basic,821,26,Yearly,1,Fiber,Yes
1125,,Male,Kolkata,Premium,845,13,monthly,5,DSL,Yes
1450,19,male,Patna,basic,847,1,Yearly,1,DSL,Yes
1172,50,Male,,Basic,817,24,Monthly,3,fiber,Yes
1652,50,Female,Delhi,Premium,514,10,Yearly,0,fiber,Yes
1753,58,Female,Kolkata,Basic,433,35,Monthly,3,fiber,Yes
1219,30,Female,,Premium,584,24,Monthly,3,fiber,Yes
1637,47,Male,Kolkata,Premium,425,28,Yearly,2,fiber,yes
1057,50,Female,Kolkata,Premium,738,16,Monthly,4,Fiber,No
1659,30,Male,Delhi,Basic,451,16,monthly,1,fiber,No
1475,43,male,Mumbai,basic,630,17,Monthly,0,fiber,yes
1455,39,Male,,Basic,837,15,Yearly,5,DSL,yes
1828,56,male,Delhi,Premium,682,16,monthly,4,Fiber,Yes
1894,19,Male,Kolkata,Basic,,15,monthly,4,fiber,Yes
1360,55,male,Delhi,basic,781,34,Monthly,0,fiber,yes
1934,56,Female,Mumbai,Basic,583,11,Yearly,4,fiber,Yes
1000,43,male,,basic,374,1,Monthly,2,DSL,No
1386,32,Female,Mumbai,basic,465,15,Monthly,4,DSL,No
1972,51,Female,Patna,Basic,488,26,Yearly,2,DSL,Yes
1347,59,male,,Premium,377,4,Yearly,1,fiber,Yes
1189,57,Male,Mumbai,basic,320,5,Monthly,1,DSL,Yes
1504,28,Male,Kolkata,Basic,865,35,monthly,3,fiber,No
1190,20,FEMALE,,basic,,13,Monthly,2,Fiber,Yes
1507,23,Male,,Premium,521,10,monthly,5,fiber,yes
1368,26,FEMALE,Delhi,Basic,627,11,Monthly,1,DSL,Yes
1408,23,Male,Kolkata,Basic,478,18,Yearly,4,Fiber,yes
1823,26,Male,Patna,Basic,411,34,monthly,0,fiber,Yes
1928,56,Female,Mumbai,Premium,358,23,Yearly,0,Fiber,Yes
1933,48,FEMALE,Delhi,basic,626,7,Yearly,2,Fiber,No
1116,49,Male,Mumbai,Basic,490,3,Yearly,5,Fiber,yes
1133,58,FEMALE,Patna,basic,499,12,Yearly,3,fiber,yes
1057,29,Female,Patna,basic,611,7,Yearly,4,DSL,yes
1555,25,Female,,Premium,334,26,Monthly,2,fiber,No
1684,25,FEMALE,Patna,Basic,678,33,monthly,0,DSL,yes
1671,45,Female,Mumbai,basic,686,15,Monthly,2,fiber,No
1172,37,male,Kolkata,Basic,536,2,Monthly,4,fiber,Yes
1828,24,male,Kolkata,Basic,,7,Monthly,5,fiber,Yes
1814,28,Female,,Premium,582,32,Yearly,5,DSL,yes
1148,37,male,Mumbai,Basic,300,4,Monthly,1,fiber,Yes
1079,33,Male,Mumbai,Basic,,20,monthly,4,Fiber,Yes
1885,21,FEMALE,Patna,basic,529,32,Monthly,1,fiber,yes
1212,23,Male,Mumbai,Premium,471,28,Yearly,1,Fiber,Yes
1202,,FEMALE,Delhi,Basic,386,13,monthly,1,DSL,yes
1763,43,Female,Patna,basic,852,1,monthly,2,DSL,yes
1228,20,Male,Delhi,Premium,422,35,monthly,0,fiber,Yes
1675,58,Female,,Premium,,30,monthly,5,fiber,Yes
1226,59,Female,Kolkata,basic,874,25,Monthly,2,fiber,Yes
1658,31,FEMALE,,basic,783,16,Yearly,0,Fiber,Yes
1531,28,FEMALE,Kolkata,basic,464,19,monthly,5,DSL,Yes
1440,35,FEMALE,,basic,682,1,monthly,4,Fiber,No
1401,29,Male,Mumbai,basic,508,5,Yearly,5,Fiber,Yes
1046,40,male,Delhi,Basic,731,22,Monthly,5,fiber,No
1232,29,FEMALE,Kolkata,Basic,688,24,monthly,5,fiber,yes
1304,30,FEMALE,Patna,Premium,859,4,Monthly,3,Fiber,Yes
1525,42,Male,Delhi,Basic,523,18,Monthly,4,Fiber,Yes
1142,36,FEMALE,Patna,Basic,,16,Monthly,2,fiber,Yes
1414,,Male,Delhi,Basic,671,18,Monthly,2,fiber,yes
1512,25,Female,Delhi,basic,745,22,monthly,0,Fiber,No
1372,46,FEMALE,,Premium,415,2,monthly,2,fiber,No
1565,49,FEMALE,Kolkata,Premium,569,21,Monthly,1,fiber,Yes
1885,35,Female,Kolkata,Premium,746,29,Monthly,5,Fiber,Yes
1258,23,Female,Delhi,Premium,667,26,Yearly,2,Fiber,Yes
1655,35,Female,Mumbai,Basic,552,21,Yearly,0,DSL,Yes
1470,36,FEMALE,Mumbai,Basic,616,17,Yearly,0,Fiber,yes
1952,39,male,Patna,basic,714,16,monthly,1,fiber,Yes
1970,54,male,Patna,Premium,394,31,Yearly,0,Fiber,yes
1011,49,male,,Basic,323,9,monthly,3,Fiber,Yes
1329,58,FEMALE,Delhi,Basic,349,31,monthly,5,Fiber,No
1735,20,Female,Patna,basic,801,14,monthly,5,DSL,No
1783,45,FEMALE,Patna,basic,797,2,monthly,5,DSL,Yes
1967,27,Female,Delhi,basic,634,14,Yearly,4,fiber,Yes
1357,52,FEMALE,,Basic,,33,Monthly,2,DSL,yes
1971,46,FEMALE,Patna,Basic,,35,Monthly,3,Fiber,Yes
1407,32,Female,,basic,326,20,Monthly,2,DSL,Yes
1667,50,male,Kolkata,Premium,570,2,Yearly,3,Fiber,Yes
1372,24,Female,,basic,861,19,Monthly,2,DSL,No
1007,29,Male,Mumbai,basic,546,18,Yearly,1,DSL,yes
1121,47,Male,Mumbai,basic,890,16,Yearly,0,DSL,No
1347,38,Female,,basic,686,4,Yearly,0,Fiber,yes
1675,48,FEMALE,Mumbai,Basic,858,12,Monthly,1,DSL,No
1089,41,Male,Kolkata,Premium,660,29,Monthly,3,Fiber,Yes
1647,,Male,Delhi,basic,787,7,Monthly,4,Fiber,No
1697,54,FEMALE,Mumbai,Premium,651,14,monthly,3,fiber,No
1315,21,FEMALE,Mumbai,Premium,555,12,Yearly,0,DSL,yes
1177,,male,,Premium,521,35,monthly,4,fiber,yes
1539,37,FEMALE,Kolkata,basic,300,5,Yearly,2,fiber,No
1731,41,Female,Delhi,Basic,845,17,Monthly,4,Fiber,yes
1868,49,Female,,basic,745,32,Yearly,3,DSL,yes
1040,58,male,,Premium,378,10,Yearly,1,Fiber,yes
1739,53,Male,Kolkata,Premium,535,17,monthly,2,Fiber,yes
1703,51,Male,Delhi,Basic,633,5,Yearly,3,DSL,yes
1922,53,FEMALE,Kolkata,basic,648,9,Monthly,2,Fiber,No
1501,19,Female,Delhi,Premium,397,33,Yearly,4,DSL,yes
1958,,Male,Kolkata,Basic,381,18,Yearly,0,DSL,Yes
1144,51,male,,Premium,801,9,Yearly,3,Fiber,No
1200,53,male,,Basic,776,29,monthly,1,Fiber,No
1928,23,Female,Patna,Basic,849,14,Yearly,4,fiber,No
1723,56,male,Mumbai,basic,313,25,Yearly,3,Fiber,yes
1460,59,male,Kolkata,Premium,691,15,monthly,1,DSL,Yes
1731,29,Female,Patna,basic,646,6,monthly,3,fiber,yes
1751,20,FEMALE,Mumbai,Premium,609,29,monthly,4,DSL,No
1924,35,FEMALE,Kolkata,basic,,15,monthly,3,fiber,No
1908,57,male,Delhi,Premium,508,29,Monthly,2,Fiber,No
1557,38,FEMALE,Mumbai,basic,656,4,Monthly,4,Fiber,No
1546,,FEMALE,,Basic,867,18,Yearly,3,Fiber,yes
1252,50,male,Patna,Premium,393,16,Monthly,0,DSL,Yes
1389,52,FEMALE,Mumbai,Premium,392,11,Yearly,3,fiber,Yes
1593,43,male,Mumbai,Basic,639,14,Monthly,2,DSL,No
1882,25,Male,,basic,896,3,monthly,1,fiber,Yes
1255,53,Female,Kolkata,Premium,744,18,monthly,1,Fiber,No
1708,,Female,Delhi,Premium,321,20,Monthly,1,DSL,No
1814,40,FEMALE,,basic,590,25,Monthly,0,Fiber,Yes
1920,59,FEMALE,Delhi,Basic,,13,Yearly,2,DSL,No
1449,31,FEMALE,Kolkata,basic,605,4,Yearly,4,Fiber,Yes
1009,31,Female,Mumbai,basic,427,14,Yearly,1,DSL,No
1823,19,Male,Delhi,basic,,33,monthly,2,DSL,Yes
1797,54,Male,Patna,Premium,741,28,monthly,3,fiber,No
1241,,Female,Patna,Basic,802,8,monthly,0,Fiber,Yes
1250,55,Male,,Basic,429,34,monthly,2,fiber,No
1876,58,Female,Kolkata,basic,431,5,Yearly,2,fiber,No
1004,,Male,,Premium,896,5,monthly,4,Fiber,No
1118,56,male,,basic,781,31,monthly,2,DSL,Yes
1800,42,male,,Premium,689,9,monthly,4,fiber,yes
1373,37,Female,Patna,Premium,892,32,monthly,0,Fiber,No
1064,19,Male,Patna,Premium,624,33,Monthly,0,DSL,No
1145,56,FEMALE,,Premium,368,3,Yearly,3,fiber,Yes
1223,23,Male,Patna,Basic,747,30,Yearly,4,fiber,No
1238,34,male,Kolkata,Premium,827,12,monthly,4,fiber,No
1176,42,male,,Premium,,29,Monthly,1,DSL,No
1778,45,Male,Patna,basic,787,3,Yearly,1,fiber,No
1852,19,Male,Delhi,basic,725,26,Yearly,3,DSL,yes
1281,52,FEMALE,,Basic,564,30,monthly,0,fiber,yes
1062,54,FEMALE,,basic,641,9,monthly,5,Fiber,No
1216,22,Male,Kolkata,Premium,577,26,Yearly,1,fiber,No
1853,18,Male,Mumbai,basic,738,2,Yearly,2,Fiber,No
1826,57,Male,Mumbai,Basic,456,3,Monthly,0,Fiber,yes
1794,29,Male,Kolkata,basic,721,4,Yearly,5,Fiber,yes
1688,53,Female,Kolkata,basic,550,25,Yearly,2,DSL,Yes
1460,,Male,Kolkata,Basic,829,13,monthly,4,Fiber,Yes
1928,48,FEMALE,Mumbai,Basic,,35,Yearly,0,fiber,No
1609,28,male,Kolkata,Premium,396,23,monthly,3,DSL,No
1104,,Female,Patna,basic,812,9,Yearly,4,Fiber,yes
1098,20,Male,,Premium,,2,Yearly,4,DSL,No
1510,31,male,,basic,431,31,Yearly,2,DSL,No
1384,33,Female,Delhi,basic,559,2,Monthly,4,DSL,yes
1404,27,male,Delhi,Premium,424,32,monthly,1,fiber,yes
1822,46,Male,,basic,381,18,Monthly,0,Fiber,yes
1517,27,Male,Patna,basic,,13,Yearly,1,DSL,yes
1475,29,FEMALE,Mumbai,basic,,5,Monthly,2,DSL,Yes
1976,47,Male,Mumbai,Basic,843,10,monthly,5,DSL,yes
1708,58,Male,Patna,Premium,460,25,Yearly,2,Fiber,yes
1862,18,Female,Mumbai,Basic,,34,Monthly,0,DSL,No
1644,22,FEMALE,Kolkata,Premium,,30,Monthly,4,DSL,No
1869,37,Female,,Premium,404,7,monthly,3,fiber,No
1770,,male,,basic,738,6,Monthly,2,Fiber,Yes
1436,29,Male,Patna,Premium,527,3,monthly,0,fiber,yes
1022,18,male,Mumbai,Basic,881,13,Yearly,3,Fiber,yes
1996,37,Female,Delhi,Basic,617,3,Yearly,4,Fiber,Yes
1564,,Male,Delhi,Basic,763,26,Monthly,5,Fiber,yes
1676,54,Male,Mumbai,Premium,898,24,Yearly,2,fiber,No
1713,54,Female,Delhi,Basic,771,6,Yearly,5,fiber,Yes
1457,29,Female,Patna,Premium,355,12,Monthly,0,fiber,yes
1082,54,Female,Patna,Basic,312,2,Yearly,5,fiber,Yes
1144,,Female,Mumbai,Basic,739,11,Monthly,5,DSL,Yes
1084,32,Female,Delhi,Premium,317,34,monthly,0,DSL,yes
1077,23,Male,Patna,Basic,412,26,monthly,0,DSL,No
1456,37,Female,Patna,basic,528,18,monthly,2,Fiber,yes
1877,31,Male,Kolkata,Premium,470,21,Monthly,5,DSL,yes
1000,19,Male,Kolkata,Premium,594,22,Monthly,3,Fiber,No
1050,26,Female,Patna,Premium,488,30,Yearly,0,fiber,yes
1684,,Female,Mumbai,basic,725,30,Yearly,4,Fiber,yes
1716,37,FEMALE,,Premium,378,8,Yearly,5,Fiber,yes
1771,43,Male,,Basic,481,34,Yearly,0,DSL,Yes
1445,46,Female,Patna,Basic,798,9,Yearly,3,fiber,Yes
1448,18,Female,Patna,Basic,370,20,Monthly,2,fiber,Yes
1880,52,Female,Patna,Premium,547,25,Monthly,5,DSL,yes
1487,23,FEMALE,Mumbai,Basic,445,19,monthly,0,fiber,No
1799,54,FEMALE,Kolkata,Premium,595,5,monthly,0,fiber,Yes
1033,22,male,Patna,Basic,881,11,monthly,4,fiber,No
1347,50,Male,Patna,basic,769,15,monthly,4,DSL,yes
1094,,male,Delhi,basic,805,8,Monthly,5,fiber,Yes
1071,29,Female,Mumbai,basic,492,19,Monthly,0,Fiber,yes
1550,59,FEMALE,Patna,basic,367,23,Monthly,5,Fiber,No
1153,37,FEMALE,Delhi,Premium,793,27,Yearly,0,fiber,Yes
1249,41,male,,Basic,351,32,Yearly,4,DSL,Yes
1673,51,FEMALE,Patna,basic,,26,monthly,3,DSL,Yes
1437,42,Female,Patna,Premium,773,27,Yearly,1,DSL,Yes
1117,46,FEMALE,Delhi,basic,820,19,Monthly,1,fiber,No
1770,56,male,Mumbai,basic,730,29,monthly,0,fiber,Yes
1890,48,Female,Patna,Premium,597,33,monthly,4,Fiber,yes
1305,40,male,,Premium,734,19,Yearly,2,DSL,Yes
1267,55,FEMALE,Patna,Basic,497,19,monthly,2,Fiber,No
1960,37,male,,Basic,427,33,Yearly,1,Fiber,Yes
1053,40,male,Kolkata,basic,831,16,Yearly,3,DSL,No
1235,33,Male,Kolkata,basic,710,23,monthly,1,fiber,No
1388,59,FEMALE,,Basic,364,7,Yearly,0,fiber,yes
1989,,FEMALE,Mumbai,Basic,540,26,Yearly,3,Fiber,Yes
1733,38,male,Patna,Premium,668,32,Yearly,2,Fiber,Yes
1762,18,Male,Patna,Basic,,12,Yearly,4,Fiber,Yes
1824,25,FEMALE,Kolkata,Basic,683,8,monthly,4,Fiber,yes
1400,46,Female,,basic,730,5,Monthly,0,DSL,yes
1623,49,male,Patna,Basic,382,28,Monthly,1,Fiber,No
1766,55,FEMALE,Patna,basic,873,5,Yearly,0,Fiber,No
1302,22,Female,Mumbai,Basic,585,26,Yearly,4,fiber,No
1918,39,FEMALE,Delhi,Premium,833,5,Yearly,2,fiber,yes
1206,51,Female,Kolkata,Basic,758,22,Monthly,4,fiber,yes
1228,18,male,Kolkata,Basic,511,15,Yearly,3,DSL,yes
1852,43,FEMALE,Delhi,Basic,425,13,monthly,5,DSL,No
1909,27,FEMALE,Patna,basic,712,28,monthly,4,fiber,yes
1577,47,Male,Mumbai,Premium,798,33,monthly,4,fiber,No
1074,35,male,Mumbai,Basic,,23,Monthly,5,Fiber,No
1434,34,Female,Kolkata,basic,,33,Yearly,3,Fiber,Yes
1102,43,FEMALE,Mumbai,Premium,842,18,Yearly,1,DSL,Yes
1421,25,FEMALE,Delhi,basic,457,30,Yearly,4,DSL,Yes
1703,57,Female,Patna,basic,411,26,Monthly,0,Fiber,No
1763,29,male,Delhi,Premium,701,16,Monthly,4,fiber,Yes
1737,44,Male,,Basic,421,13,Monthly,0,Fiber,Yes
1805,25,Male,Kolkata,basic,572,33,Monthly,3,DSL,Yes
1305,42,FEMALE,Mumbai,basic,593,26,monthly,4,DSL,yes
1097,21,Female,,Basic,697,1,Monthly,3,Fiber,No
1849,50,FEMALE,Mumbai,Basic,770,2,Monthly,3,Fiber,Yes
1797,18,Female,Patna,Premium,506,6,Monthly,1,Fiber,yes
1334,36,Male,Patna,Premium,409,24,Yearly,4,DSL,yes
1858,48,male,Patna,Premium,739,18,Yearly,0,fiber,yes
1434,33,Female,Mumbai,Basic,577,27,Yearly,0,Fiber,Yes
1446,31,Male,,basic,867,8,monthly,4,DSL,yes
1993,22,FEMALE,Patna,basic,868,28,monthly,5,DSL,No
1307,58,Female,,Premium,781,10,Monthly,1,DSL,yes
1248,43,male,Mumbai,Basic,413,17,Yearly,1,Fiber,yes
1165,45,FEMALE,,basic,776,29,monthly,1,Fiber,yes
1480,19,FEMALE,Mumbai,Premium,620,6,Yearly,0,fiber,yes
1983,23,Male,Mumbai,basic,,14,monthly,3,DSL,No
1334,26,Female,Kolkata,basic,518,22,monthly,5,Fiber,Yes
1541,50,FEMALE,Mumbai,Basic,827,6,Monthly,1,DSL,No
1758,58,male,Mumbai,Basic,791,26,Monthly,0,DSL,No
1105,42,Female,Delhi,basic,360,12,monthly,0,fiber,Yes
1562,30,male,Patna,Premium,353,35,Monthly,3,Fiber,yes
1080,26,FEMALE,Kolkata,Basic,837,14,monthly,4,Fiber,Yes
1132,30,male,Kolkata,basic,364,22,monthly,4,DSL,Yes
1796,48,Male,Kolkata,Basic,885,23,Yearly,1,DSL,No
1899,58,male,Delhi,Basic,470,7,Monthly,1,fiber,Yes
1137,28,Female,Mumbai,Basic,572,25,Monthly,5,fiber,yes
1183,21,male,Patna,basic,834,13,Monthly,3,fiber,No
1400,,male,,Premium,690,21,Yearly,1,fiber,yes
1329,,Male,Mumbai,Premium,,10,Yearly,3,fiber,No
1784,21,male,Delhi,Premium,407,9,Yearly,0,fiber,yes
1507,55,male,Mumbai,Basic,461,15,Monthly,1,DSL,Yes
1851,36,FEMALE,Mumbai,basic,751,2,Monthly,0,fiber,Yes
1983,23,FEMALE,Delhi,Basic,505,25,Monthly,2,DSL,Yes
1068,51,Female,Kolkata,Premium,889,13,Yearly,3,DSL,yes
1545,35,FEMALE,Kolkata,Premium,315,34,Yearly,2,Fiber,No
1773,30,FEMALE,Patna,basic,626,34,monthly,1,DSL,No
1052,,FEMALE,Patna,Basic,301,35,Yearly,0,DSL,No
1449,40,FEMALE,Kolkata,Premium,309,3,monthly,1,fiber,Yes
1204,36,Male,,basic,733,6,Monthly,2,DSL,yes
1125,,FEMALE,Mumbai,Basic,,19,Yearly,1,fiber,No
1746,18,Male,,Basic,380,3,Monthly,5,fiber,yes
1042,41,Male,Mumbai,Premium,784,18,Monthly,4,fiber,No
1751,24,FEMALE,Kolkata,Premium,449,9,Monthly,2,Fiber,Yes
1970,,male,Patna,Basic,639,12,Monthly,1,fiber,yes
1882,38,Male,Patna,Basic,428,5,Yearly,0,DSL,No
1110,32,male,,Premium,,3,Monthly,1,fiber,No
1760,,male,Patna,Basic,,11,monthly,0,fiber,No
1662,29,FEMALE,Kolkata,Premium,357,30,Yearly,4,fiber,No
1182,24,Female,,Basic,497,4,Monthly,1,Fiber,Yes
1847,32,FEMALE,Mumbai,Premium,510,5,Yearly,4,DSL,No
1094,38,Female,Patna,basic,344,1,monthly,2,Fiber,No
1970,36,Female,Delhi,Premium,396,27,Monthly,0,DSL,Yes
1373,46,FEMALE,Patna,Premium,578,28,monthly,5,Fiber,No
1911,42,FEMALE,Mumbai,basic,834,29,Monthly,2,DSL,yes
1519,50,Female,,Basic,709,18,monthly,0,Fiber,yes
1899,,FEMALE,Mumbai,basic,760,12,Monthly,4,fiber,No
1359,52,Female,Delhi,Premium,690,13,Yearly,3,Fiber,Yes
1899,55,male,Kolkata,Basic,,2,Monthly,1,Fiber,Yes
1695,43,FEMALE,Patna,basic,326,16,Yearly,4,fiber,Yes
1280,28,male,,Basic,,24,Monthly,0,fiber,No
1194,52,Male,Kolkata,Basic,847,35,Monthly,0,DSL,No
1863,25,male,Mumbai,basic,866,22,monthly,0,DSL,yes
1194,31,male,,Basic,518,11,monthly,0,DSL,Yes
1666,27,Female,Kolkata,basic,484,29,monthly,1,Fiber,No
1092,19,male,,Premium,,35,Monthly,2,DSL,No
1671,26,FEMALE,Delhi,Basic,429,15,Monthly,5,Fiber,No
1945,20,Female,Delhi,Premium,866,31,Monthly,3,Fiber,Yes
1060,38,Male,Patna,Premium,898,16,Yearly,1,DSL,Yes
1633,43,FEMALE,Patna,Basic,633,10,Yearly,0,DSL,yes
1050,25,Male,Delhi,basic,453,32,Monthly,1,Fiber,Yes
1402,19,male,,Basic,846,2,monthly,4,fiber,No
1788,23,FEMALE,Delhi,Premium,378,24,monthly,5,fiber,yes
1004,45,FEMALE,Patna,Premium,878,23,monthly,0,Fiber,Yes
1465,,Male,Delhi,basic,712,2,Monthly,3,DSL,Yes
1603,43,FEMALE,Delhi,Basic,845,31,monthly,0,Fiber,Yes
1681,42,FEMALE,,Premium,468,26,Monthly,5,Fiber,Yes
1828,29,FEMALE,Kolkata,Premium,882,29,Yearly,3,DSL,No
1533,22,male,Patna,Premium,814,3,monthly,5,fiber,Yes
1404,51,Male,,basic,613,14,Yearly,3,Fiber,No
1837,54,FEMALE,Delhi,Premium,331,25,monthly,2,fiber,No
1512,32,Female,Delhi,Premium,586,1,Monthly,2,fiber,No
1644,53,Female,Kolkata,Basic,893,3,Monthly,1,DSL,yes
1232,,Female,Patna,Basic,342,26,Monthly,1,Fiber,No
1523,40,Female,Patna,Premium,300,18,Monthly,3,Fiber,Yes
1345,,male,Mumbai,Premium,872,9,monthly,0,fiber,yes
1045,38,FEMALE,Patna,Basic,569,23,Yearly,4,fiber,Yes
1545,40,Male,Kolkata,basic,479,21,Monthly,4,DSL,No
1944,33,FEMALE,Mumbai,basic,817,1,monthly,0,fiber,Yes
1077,32,male,Mumbai,basic,402,21,Yearly,0,DSL,yes
1729,42,Female,Delhi,basic,309,27,Monthly,2,Fiber,yes
1812,53,male,Delhi,basic,882,6,Yearly,4,DSL,Yes
1922,28,FEMALE,Patna,basic,389,28,Monthly,3,fiber,Yes
1072,32,Male,Mumbai,basic,525,17,Yearly,5,Fiber,Yes
1793,21,male,Delhi,basic,425,3,Yearly,1,DSL,yes
1248,38,Male,Kolkata,Basic,508,12,Monthly,5,Fiber,No
1046,,male,Delhi,basic,396,12,monthly,2,DSL,Yes
1120,39,Male,Delhi,basic,373,2,Yearly,4,fiber,No
1213,36,Male,Mumbai,basic,,22,Monthly,0,fiber,yes
1238,51,Female,Mumbai,Premium,355,23,Yearly,4,Fiber,Yes
1055,,Male,,Basic,852,30,Yearly,3,Fiber,Yes
1349,21,Female,Kolkata,Basic,331,5,monthly,2,Fiber,yes
1106,44,FEMALE,Mumbai,Basic,826,9,Yearly,0,DSL,Yes
1830,46,FEMALE,Patna,basic,873,21,Yearly,5,fiber,No
1162,,Male,,Premium,607,29,monthly,3,DSL,yes
1143,,FEMALE,Mumbai,Premium,560,13,Yearly,2,fiber,No
1851,36,FEMALE,Mumbai,basic,751,2,Monthly,0,fiber,Yes
1561,32,Male,Mumbai,Basic,,7,Monthly,3,Fiber,No
1944,33,FEMALE,Mumbai,basic,817,1,monthly,0,fiber,Yes
1345,,male,Patna,Premium,575,25,Yearly,1,DSL,yes
1728,,Male,Kolkata,basic,850,2,monthly,1,DSL,Yes
1151,22,Male,,basic,510,26,monthly,3,fiber,yes
1882,42,Female,Mumbai,Basic,840,20,monthly,1,fiber,No
1226,59,Female,Kolkata,basic,874,25,Monthly,2,fiber,Yes
1301,30,Male,Mumbai,Basic,602,31,Yearly,2,fiber,No
1922,53,FEMALE,Kolkata,basic,648,9,Monthly,2,Fiber,No
1252,50,male,Patna,Premium,393,16,Monthly,0,DSL,Yes
1186,31,Male,Delhi,Basic,342,13,Monthly,4,DSL,yes
1189,57,Female,Mumbai,Premium,501,13,monthly,4,DSL,yes
1216,50,male,Kolkata,Basic,738,1,Monthly,0,fiber,No
1758,44,male,,basic,,8,Yearly,3,Fiber,Yes
1379,42,male,Kolkata,Premium,,7,Monthly,1,Fiber,Yes
1483,,FEMALE,Delhi,Premium,490,8,Yearly,0,DSL,Yes
1118,56,male,,basic,781,31,monthly,2,DSL,Yes
1524,46,Female,Delhi,Basic,341,31,Monthly,0,DSL,yes
1784,35,Female,Patna,Premium,,4,Yearly,1,fiber,yes
1646,23,Male,Mumbai,basic,590,32,Yearly,3,fiber,yes
1193,30,male,Patna,Premium,766,7,Monthly,0,Fiber,Yes
1384,,FEMALE,Kolkata,Premium,719,2,Monthly,5,Fiber,Yes
1983,23,Male,Mumbai,basic,,14,monthly,3,DSL,No
1038,41,male,Kolkata,Premium,784,21,Monthly,5,fiber,Yes
1857,,Female,Kolkata,Premium,306,24,Monthly,0,DSL,yes
1796,48,Male,Kolkata,Basic,885,23,Yearly,1,DSL,No
1836,40,Male,Kolkata,Basic,441,35,Monthly,0,fiber,Yes
1329,,Male,Mumbai,Premium,,10,Yearly,3,fiber,No
1956,44,male,Mumbai,Premium,513,6,Yearly,1,DSL,No
1705,31,FEMALE,Delhi,Premium,720,16,Yearly,0,Fiber,yes
1000,43,male,,basic,374,1,Monthly,2,DSL,No
1770,56,male,Mumbai,basic,730,29,monthly,0,fiber,Yes
1729,29,male,Delhi,Basic,,11,Yearly,3,fiber,yes
1883,27,Female,Kolkata,basic,817,2,monthly,2,fiber,yes
1815,46,male,Mumbai,Premium,376,5,Monthly,0,fiber,No
1459,43,FEMALE,Kolkata,Basic,722,24,Yearly,0,DSL,Yes
1268,20,Male,Mumbai,Premium,421,24,Yearly,4,DSL,No
1639,58,Female,Kolkata,basic,839,13,Yearly,0,Fiber,Yes
1325,19,FEMALE,Mumbai,basic,544,23,Yearly,0,Fiber,Yes
1050,25,Male,Delhi,basic,453,32,Monthly,1,Fiber,Yes
1444,32,Female,Delhi,Basic,891,1,Monthly,4,Fiber,yes
1829,57,male,Mumbai,basic,804,23,monthly,2,Fiber,yes
1125,,FEMALE,Mumbai,Basic,,19,Yearly,1,fiber,No
1473,,Male,Delhi,basic,314,7,Monthly,3,fiber,No
1295,27,male,Kolkata,Premium,486,9,Monthly,4,Fiber,Yes
1229,34,male,Delhi,Premium,429,24,monthly,4,DSL,No
1700,,FEMALE,Patna,Basic,,15,monthly,0,DSL,No
